,date,action,rule,interface_in,interface_out,ipsrc,ipdst,proto,portsrc,portdst,divers,year,month,day,hour,minute,second,cluster,isolation
0,2024-03-10 14:33:06,PERMIT,1.0,eth0,None,172.17.0.3,172.17.0.2,TCP,64353.0,22.0,6.0,2025,3,10,14,33,6,0,-1
1,2024-03-10 14:33:06,PERMIT,1.0,eth0,None,172.17.0.3,172.17.0.2,TCP,40832.0,22.0,6.0,2025,3,10,14,33,6,0,-1
2,2024-03-10 14:33:07,DENY,34.0,eth0,None,192.168.1.20,172.17.0.2,TCP,3306.0,47578.0,6.0,2025,3,10,14,33,7,-1,-1
3,2024-03-10 14:33:51,PERMIT,1.0,eth0,None,172.17.0.3,172.17.0.2,TCP,38855.0,22.0,6.0,2025,3,10,14,33,51,1,-1
4,2024-03-10 14:34:09,PERMIT,1.0,eth0,None,172.17.0.3,172.17.0.2,TCP,49645.0,22.0,6.0,2025,3,10,14,34,9,0,1
5,2024-03-10 14:34:12,PERMIT,1.0,eth0,None,172.17.0.3,172.17.0.2,TCP,50246.0,22.0,6.0,2025,3,10,14,34,12,0,1
6,2024-03-10 14:37:03,DENY,34.0,eth0,None,172.17.0.3,172.17.0.2,TCP,33461.0,1720.0,6.0,2025,3,10,14,37,3,-1,-1
7,2024-03-10 14:37:03,DENY,34.0,eth0,None,172.17.0.3,172.17.0.2,TCP,33461.0,256.0,6.0,2025,3,10,14,37,3,-1,-1
8,2024-03-10 14:37:03,DENY,34.0,eth0,None,172.17.0.3,172.17.0.2,TCP,33461.0,1025.0,6.0,2025,3,10,14,37,3,-1,-1
9,2024-03-10 14:37:03,DENY,34.0,eth0,None,172.17.0.3,172.17.0.2,TCP,33461.0,443.0,6.0,2025,3,10,14,37,3,-1,-1
10,2024-03-10 14:37:03,DENY,34.0,eth0,None,172.17.0.3,172.17.0.2,TCP,33461.0,1723.0,6.0,2025,3,10,14,37,3,-1,-1
11,2024-03-10 14:37:03,PERMIT,3.0,eth0,None,172.17.0.3,172.17.0.2,TCP,33461.0,21.0,6.0,2025,3,10,14,37,3,0,1
12,2024-03-10 14:37:03,PERMIT,5.0,eth0,None,172.17.0.3,172.17.0.2,TCP,33461.0,3306.0,6.0,2025,3,10,14,37,3,0,-1
13,2024-03-10 14:37:03,PERMIT,4.0,eth0,None,172.17.0.3,172.17.0.2,TCP,33461.0,80.0,6.0,2025,3,10,14,37,3,0,1
14,2024-03-10 14:37:03,PERMIT,2.0,eth0,None,172.17.0.3,172.17.0.2,TCP,33461.0,23.0,6.0,2025,3,10,14,37,3,0,1
15,2024-03-10 14:37:03,PERMIT,7.0,eth0,None,172.17.0.3,172.17.0.2,TCP,33461.0,59785.0,6.0,2025,3,10,14,37,3,0,-1
16,2024-03-10 14:37:03,PERMIT,7.0,eth0,None,172.17.0.3,172.17.0.2,TCP,33461.0,50674.0,6.0,2025,3,10,14,37,3,0,-1
17,2024-03-10 14:37:03,PERMIT,7.0,eth0,None,172.17.0.3,172.17.0.2,TCP,33461.0,53812.0,6.0,2025,3,10,14,37,3,0,-1
18,2024-03-10 14:37:03,PERMIT,7.0,eth0,None,172.17.0.3,172.17.0.2,TCP,33461.0,50217.0,6.0,2025,3,10,14,37,3,0,-1
19,2024-03-10 14:37:03,PERMIT,3.0,eth0,None,172.17.0.3,172.17.0.2,TCP,33461.0,20.0,6.0,2025,3,10,14,37,3,0,1
20,2024-03-10 14:40:37,DENY,34.0,eth0,None,10.0.0.1,172.17.0.2,TCP,63008.0,8888.0,6.0,2025,3,10,14,40,37,-1,-1
21,2024-03-10 14:40:37,DENY,34.0,eth0,None,192.168.4.1,172.17.0.2,TCP,63008.0,8888.0,6.0,2025,3,10,14,40,37,2,-1
22,2024-03-10 14:40:37,DENY,34.0,eth0,None,172.156.2.26,172.17.0.2,TCP,63008.0,8888.0,6.0,2025,3,10,14,40,37,2,-1
23,2024-03-10 14:40:37,DENY,34.0,eth0,None,192.168.1.0,172.17.0.2,TCP,63008.0,8888.0,6.0,2025,3,10,14,40,37,2,-1
24,2024-03-10 14:40:37,DENY,34.0,eth0,None,172.17.0.3,172.17.0.2,TCP,63008.0,8888.0,6.0,2025,3,10,14,40,37,2,-1
25,2024-03-10 14:40:37,PERMIT,3.0,eth0,None,10.0.0.1,172.17.0.2,TCP,63008.0,21.0,6.0,2025,3,10,14,40,37,1,1
26,2024-03-10 14:40:37,PERMIT,3.0,eth0,None,192.168.4.1,172.17.0.2,TCP,63008.0,21.0,6.0,2025,3,10,14,40,37,1,1
27,2024-03-10 14:40:37,PERMIT,3.0,eth0,None,172.156.2.26,172.17.0.2,TCP,63008.0,21.0,6.0,2025,3,10,14,40,37,1,1
28,2024-03-10 14:40:37,PERMIT,3.0,eth0,None,192.168.1.0,172.17.0.2,TCP,63008.0,21.0,6.0,2025,3,10,14,40,37,1,1
29,2024-03-10 14:40:37,PERMIT,3.0,eth0,None,172.17.0.3,172.17.0.2,TCP,63008.0,21.0,6.0,2025,3,10,14,40,37,1,1
30,2024-03-10 14:40:37,PERMIT,4.0,eth0,None,10.0.0.1,172.17.0.2,TCP,63008.0,80.0,6.0,2025,3,10,14,40,37,1,-1
31,2024-03-10 14:40:37,PERMIT,4.0,eth0,None,192.168.4.1,172.17.0.2,TCP,63008.0,80.0,6.0,2025,3,10,14,40,37,1,1
32,2024-03-10 14:40:37,PERMIT,4.0,eth0,None,172.156.2.26,172.17.0.2,TCP,63008.0,80.0,6.0,2025,3,10,14,40,37,1,1
33,2024-03-10 14:40:37,PERMIT,4.0,eth0,None,192.168.1.0,172.17.0.2,TCP,63008.0,80.0,6.0,2025,3,10,14,40,37,1,1
34,2024-03-10 14:40:37,PERMIT,4.0,eth0,None,172.17.0.3,172.17.0.2,TCP,63008.0,80.0,6.0,2025,3,10,14,40,37,1,1
35,2024-03-10 14:40:37,PERMIT,2.0,eth0,None,10.0.0.1,172.17.0.2,TCP,63008.0,23.0,6.0,2025,3,10,14,40,37,1,-1
36,2024-03-10 14:40:37,PERMIT,2.0,eth0,None,192.168.4.1,172.17.0.2,TCP,63008.0,23.0,6.0,2025,3,10,14,40,37,1,1
37,2024-03-10 14:40:37,PERMIT,2.0,eth0,None,172.156.2.26,172.17.0.2,TCP,63008.0,23.0,6.0,2025,3,10,14,40,37,1,1
38,2024-03-10 14:40:37,PERMIT,2.0,eth0,None,192.168.1.0,172.17.0.2,TCP,63008.0,23.0,6.0,2025,3,10,14,40,37,1,1
39,2024-03-10 14:40:37,PERMIT,2.0,eth0,None,172.17.0.3,172.17.0.2,TCP,63008.0,23.0,6.0,2025,3,10,14,40,37,1,1
40,2024-03-10 14:40:37,PERMIT,5.0,eth0,None,10.0.0.1,172.17.0.2,TCP,63008.0,3306.0,6.0,2025,3,10,14,40,37,1,-1
41,2024-03-10 14:40:37,PERMIT,5.0,eth0,None,192.168.4.1,172.17.0.2,TCP,63008.0,3306.0,6.0,2025,3,10,14,40,37,1,-1
42,2024-03-10 14:40:37,PERMIT,5.0,eth0,None,172.156.2.26,172.17.0.2,TCP,63008.0,3306.0,6.0,2025,3,10,14,40,37,1,1
43,2024-03-10 14:40:38,PERMIT,5.0,eth0,None,192.168.1.0,172.17.0.2,TCP,63008.0,3306.0,6.0,2025,3,10,14,40,38,1,1
44,2024-03-10 14:40:38,PERMIT,5.0,eth0,None,172.17.0.3,172.17.0.2,TCP,63008.0,3306.0,6.0,2025,3,10,14,40,38,1,1
45,2024-03-10 14:40:38,PERMIT,7.0,eth0,None,10.0.0.1,172.17.0.2,TCP,63008.0,50674.0,6.0,2025,3,10,14,40,38,1,-1
46,2024-03-10 14:40:38,PERMIT,7.0,eth0,None,192.168.4.1,172.17.0.2,TCP,63008.0,50674.0,6.0,2025,3,10,14,40,38,1,-1
47,2024-03-10 14:40:38,PERMIT,7.0,eth0,None,172.156.2.26,172.17.0.2,TCP,63008.0,50674.0,6.0,2025,3,10,14,40,38,1,-1
48,2024-03-10 14:40:38,PERMIT,7.0,eth0,None,192.168.1.0,172.17.0.2,TCP,63008.0,50674.0,6.0,2025,3,10,14,40,38,1,-1
49,2024-03-10 14:40:38,PERMIT,7.0,eth0,None,172.17.0.3,172.17.0.2,TCP,63008.0,50674.0,6.0,2025,3,10,14,40,38,1,-1
50,2024-03-10 14:40:38,DENY,34.0,eth0,None,10.0.0.1,172.17.0.2,TCP,63008.0,30636.0,6.0,2025,3,10,14,40,38,-1,-1
51,2024-03-10 14:40:39,PERMIT,7.0,eth0,None,10.0.0.1,172.17.0.2,TCP,63008.0,59785.0,6.0,2025,3,10,14,40,39,1,-1
52,2024-03-10 14:40:39,PERMIT,7.0,eth0,None,10.0.0.1,172.17.0.2,TCP,63008.0,53812.0,6.0,2025,3,10,14,40,39,1,-1
53,2024-03-10 14:40:39,PERMIT,7.0,eth0,None,192.168.4.1,172.17.0.2,TCP,63008.0,53812.0,6.0,2025,3,10,14,40,39,1,-1
54,2024-03-10 14:40:39,DENY,34.0,eth0,None,172.5.2.8,172.17.0.2,TCP,63008.0,49177.0,6.0,2025,3,10,14,40,39,2,-1
55,2024-03-10 14:40:41,DENY,34.0,eth0,None,10.172.11.2,172.17.0.2,TCP,63008.0,30240.0,6.0,2025,3,10,14,40,41,-1,-1
56,2024-03-10 14:40:41,DENY,34.0,eth0,None,172.17.0.3,172.17.0.2,TCP,63008.0,16009.0,6.0,2025,3,10,14,40,41,-1,-1
57,2024-03-10 14:40:43,DENY,34.0,eth0,None,194.25.56.2,172.17.0.2,TCP,63008.0,55275.0,6.0,2025,3,10,14,40,43,-1,-1
58,2024-03-10 14:40:43,DENY,34.0,eth0,None,172.17.0.3,172.17.0.2,TCP,63008.0,56185.0,6.0,2025,3,10,14,40,43,-1,-1
59,2024-03-10 14:40:45,DENY,34.0,eth0,None,10.172.11.2,172.17.0.2,TCP,63008.0,9890.0,6.0,2025,3,10,14,40,45,-1,-1
60,2024-03-10 14:40:45,DENY,34.0,eth0,None,28.12.15.20,172.17.0.2,TCP,63008.0,25887.0,6.0,2025,3,10,14,40,45,-1,-1
61,2024-03-10 14:40:46,PERMIT,3.0,eth0,None,10.0.0.1,172.17.0.2,TCP,63008.0,20.0,6.0,2025,3,10,14,40,46,1,-1
62,2024-03-10 14:40:46,PERMIT,3.0,eth0,None,192.168.4.1,172.17.0.2,TCP,63008.0,20.0,6.0,2025,3,10,14,40,46,1,1
63,2024-03-10 14:40:46,PERMIT,3.0,eth0,None,172.156.2.26,172.17.0.2,TCP,63008.0,20.0,6.0,2025,3,10,14,40,46,1,1
64,2024-03-10 14:40:46,PERMIT,3.0,eth0,None,192.168.1.0,172.17.0.2,TCP,63008.0,20.0,6.0,2025,3,10,14,40,46,1,1
65,2024-03-10 14:40:46,PERMIT,3.0,eth0,None,172.17.0.3,172.17.0.2,TCP,63008.0,20.0,6.0,2025,3,10,14,40,46,1,1
66,2024-03-10 14:40:46,DENY,34.0,eth0,None,10.172.11.2,172.17.0.2,TCP,63008.0,56524.0,6.0,2025,3,10,14,40,46,-1,-1
67,2024-03-10 14:40:48,DENY,34.0,eth0,None,172.5.2.8,172.17.0.2,TCP,63008.0,64654.0,6.0,2025,3,10,14,40,48,-1,-1
68,2024-03-10 14:40:48,PERMIT,7.0,eth0,None,10.0.0.1,172.17.0.2,TCP,63008.0,50217.0,6.0,2025,3,10,14,40,48,-1,-1
69,2024-03-10 14:40:48,PERMIT,7.0,eth0,None,192.168.4.1,172.17.0.2,TCP,63008.0,50217.0,6.0,2025,3,10,14,40,48,1,-1
70,2024-03-10 14:40:48,PERMIT,7.0,eth0,None,172.156.2.26,172.17.0.2,TCP,63008.0,50217.0,6.0,2025,3,10,14,40,48,1,-1
71,2024-03-10 14:40:48,PERMIT,7.0,eth0,None,192.168.1.0,172.17.0.2,TCP,63008.0,50217.0,6.0,2025,3,10,14,40,48,1,-1
72,2024-03-10 14:40:48,PERMIT,7.0,eth0,None,172.17.0.3,172.17.0.2,TCP,63008.0,50217.0,6.0,2025,3,10,14,40,48,1,-1
73,2024-03-10 14:41:19,DENY,34.0,eth0,None,10.0.0.1,172.17.0.2,TCP,47562.0,199.0,6.0,2025,3,10,14,41,19,-1,-1
74,2024-03-10 14:41:19,DENY,34.0,eth0,None,192.168.4.1,172.17.0.2,TCP,47562.0,199.0,6.0,2025,3,10,14,41,19,2,-1
75,2024-03-10 14:41:19,DENY,34.0,eth0,None,172.156.2.26,172.17.0.2,TCP,47562.0,199.0,6.0,2025,3,10,14,41,19,2,1
76,2024-03-10 14:41:19,DENY,34.0,eth0,None,192.168.1.0,172.17.0.2,TCP,47562.0,199.0,6.0,2025,3,10,14,41,19,2,-1
77,2024-03-10 14:41:19,DENY,34.0,eth0,None,10.10.1.101,172.17.0.2,TCP,47562.0,199.0,6.0,2025,3,10,14,41,19,-1,-1
78,2024-03-10 14:41:19,PERMIT,5.0,eth0,None,10.0.0.1,172.17.0.2,TCP,47562.0,3306.0,6.0,2025,3,10,14,41,19,1,1
79,2024-03-10 14:41:19,PERMIT,5.0,eth0,None,192.168.4.1,172.17.0.2,TCP,47562.0,3306.0,6.0,2025,3,10,14,41,19,1,1
80,2024-03-10 14:41:19,PERMIT,5.0,eth0,None,172.156.2.26,172.17.0.2,TCP,47562.0,3306.0,6.0,2025,3,10,14,41,19,1,1
81,2024-03-10 14:41:19,PERMIT,5.0,eth0,None,192.168.1.0,172.17.0.2,TCP,47562.0,3306.0,6.0,2025,3,10,14,41,19,1,1
82,2024-03-10 14:41:19,PERMIT,5.0,eth0,None,10.10.1.101,172.17.0.2,TCP,47562.0,3306.0,6.0,2025,3,10,14,41,19,1,1
83,2024-03-10 14:41:19,PERMIT,3.0,eth0,None,10.0.0.1,172.17.0.2,TCP,47562.0,21.0,6.0,2025,3,10,14,41,19,1,1
84,2024-03-10 14:41:19,PERMIT,3.0,eth0,None,192.168.4.1,172.17.0.2,TCP,47562.0,21.0,6.0,2025,3,10,14,41,19,1,1
85,2024-03-10 14:41:19,PERMIT,3.0,eth0,None,172.156.2.26,172.17.0.2,TCP,47562.0,21.0,6.0,2025,3,10,14,41,19,1,1
86,2024-03-10 14:41:19,PERMIT,3.0,eth0,None,192.168.1.0,172.17.0.2,TCP,47562.0,21.0,6.0,2025,3,10,14,41,19,1,1
87,2024-03-10 14:41:19,PERMIT,3.0,eth0,None,10.10.1.101,172.17.0.2,TCP,47562.0,21.0,6.0,2025,3,10,14,41,19,1,1
88,2024-03-10 14:41:19,PERMIT,4.0,eth0,None,10.0.0.1,172.17.0.2,TCP,47562.0,80.0,6.0,2025,3,10,14,41,19,1,1
89,2024-03-10 14:41:19,PERMIT,4.0,eth0,None,192.168.4.1,172.17.0.2,TCP,47562.0,80.0,6.0,2025,3,10,14,41,19,1,1
90,2024-03-10 14:41:19,PERMIT,4.0,eth0,None,172.156.2.26,172.17.0.2,TCP,47562.0,80.0,6.0,2025,3,10,14,41,19,1,1
91,2024-03-10 14:41:19,PERMIT,4.0,eth0,None,192.168.1.0,172.17.0.2,TCP,47562.0,80.0,6.0,2025,3,10,14,41,19,1,1
92,2024-03-10 14:41:19,PERMIT,4.0,eth0,None,10.10.1.101,172.17.0.2,TCP,47562.0,80.0,6.0,2025,3,10,14,41,19,1,1
93,2024-03-10 14:41:19,PERMIT,2.0,eth0,None,10.0.0.1,172.17.0.2,TCP,47562.0,23.0,6.0,2025,3,10,14,41,19,1,1
94,2024-03-10 14:41:19,PERMIT,2.0,eth0,None,192.168.4.1,172.17.0.2,TCP,47562.0,23.0,6.0,2025,3,10,14,41,19,1,1
95,2024-03-10 14:41:19,PERMIT,2.0,eth0,None,172.156.2.26,172.17.0.2,TCP,47562.0,23.0,6.0,2025,3,10,14,41,19,1,1
96,2024-03-10 14:41:20,PERMIT,2.0,eth0,None,192.168.1.0,172.17.0.2,TCP,47562.0,23.0,6.0,2025,3,10,14,41,20,1,1
97,2024-03-10 14:41:20,PERMIT,2.0,eth0,None,10.10.1.101,172.17.0.2,TCP,47562.0,23.0,6.0,2025,3,10,14,41,20,1,1
98,2024-03-10 14:41:20,PERMIT,7.0,eth0,None,10.0.0.1,172.17.0.2,TCP,47562.0,50217.0,6.0,2025,3,10,14,41,20,1,-1
99,2024-03-10 14:41:20,PERMIT,7.0,eth0,None,192.168.4.1,172.17.0.2,TCP,47562.0,50217.0,6.0,2025,3,10,14,41,20,1,-1
100,2024-03-10 14:41:20,PERMIT,7.0,eth0,None,172.156.2.26,172.17.0.2,TCP,47562.0,50217.0,6.0,2025,3,10,14,41,20,1,-1
101,2024-03-10 14:41:20,PERMIT,7.0,eth0,None,192.168.1.0,172.17.0.2,TCP,47562.0,50217.0,6.0,2025,3,10,14,41,20,1,-1
102,2024-03-10 14:41:20,PERMIT,7.0,eth0,None,10.10.1.101,172.17.0.2,TCP,47562.0,50217.0,6.0,2025,3,10,14,41,20,1,-1
103,2024-03-10 14:41:20,DENY,34.0,eth0,None,10.10.1.101,172.17.0.2,TCP,47562.0,26068.0,6.0,2025,3,10,14,41,20,-1,-1
104,2024-03-10 14:41:22,DENY,34.0,eth0,None,10.172.11.2,172.17.0.2,TCP,47562.0,46239.0,6.0,2025,3,10,14,41,22,2,-1
105,2024-03-10 14:41:22,PERMIT,7.0,eth0,None,10.0.0.1,172.17.0.2,TCP,47562.0,53812.0,6.0,2025,3,10,14,41,22,1,-1
106,2024-03-10 14:41:22,PERMIT,7.0,eth0,None,192.168.4.1,172.17.0.2,TCP,47562.0,53812.0,6.0,2025,3,10,14,41,22,1,-1
107,2024-03-10 14:41:22,DENY,34.0,eth0,None,172.156.2.26,172.17.0.2,TCP,47562.0,34955.0,6.0,2025,3,10,14,41,22,2,-1
108,2024-03-10 14:41:24,DENY,34.0,eth0,None,192.168.4.1,172.17.0.2,TCP,47562.0,35825.0,6.0,2025,3,10,14,41,24,2,-1
109,2024-03-10 14:41:26,DENY,34.0,eth0,None,10.0.0.1,172.17.0.2,TCP,47564.0,45338.0,6.0,2025,3,10,14,41,26,-1,-1
110,2024-03-10 14:41:26,PERMIT,7.0,eth0,None,10.0.0.1,172.17.0.2,TCP,47562.0,50674.0,6.0,2025,3,10,14,41,26,1,-1
111,2024-03-10 14:41:26,PERMIT,7.0,eth0,None,192.168.4.1,172.17.0.2,TCP,47562.0,50674.0,6.0,2025,3,10,14,41,26,1,-1
112,2024-03-10 14:41:26,PERMIT,7.0,eth0,None,172.156.2.26,172.17.0.2,TCP,47562.0,50674.0,6.0,2025,3,10,14,41,26,1,-1
113,2024-03-10 14:41:26,PERMIT,7.0,eth0,None,192.168.1.0,172.17.0.2,TCP,47562.0,50674.0,6.0,2025,3,10,14,41,26,1,-1
114,2024-03-10 14:41:26,PERMIT,7.0,eth0,None,10.10.1.101,172.17.0.2,TCP,47562.0,50674.0,6.0,2025,3,10,14,41,26,1,-1
115,2024-03-10 14:41:26,DENY,34.0,eth0,None,28.12.15.20,172.17.0.2,TCP,47562.0,12698.0,6.0,2025,3,10,14,41,26,2,-1
116,2024-03-10 14:41:27,DENY,34.0,eth0,None,192.168.1.0,172.17.0.2,TCP,47562.0,64474.0,6.0,2025,3,10,14,41,27,2,-1
117,2024-03-10 14:41:27,PERMIT,7.0,eth0,None,10.0.0.1,172.17.0.2,TCP,47562.0,59785.0,6.0,2025,3,10,14,41,27,1,-1
118,2024-03-10 14:41:27,PERMIT,7.0,eth0,None,192.168.4.1,172.17.0.2,TCP,47562.0,59785.0,6.0,2025,3,10,14,41,27,1,-1
119,2024-03-10 14:41:27,PERMIT,7.0,eth0,None,172.156.2.26,172.17.0.2,TCP,47562.0,59785.0,6.0,2025,3,10,14,41,27,1,-1
120,2024-03-10 14:41:27,DENY,34.0,eth0,None,172.156.2.26,172.17.0.2,TCP,47562.0,21741.0,6.0,2025,3,10,14,41,27,2,-1
121,2024-03-10 14:41:29,DENY,34.0,eth0,None,192.168.1.0,172.17.0.2,TCP,47562.0,56980.0,6.0,2025,3,10,14,41,29,2,-1
122,2024-03-10 14:41:29,DENY,34.0,eth0,None,89.89.56.2,172.17.0.2,TCP,47562.0,38851.0,6.0,2025,3,10,14,41,29,2,-1
123,2024-03-10 14:41:31,DENY,34.0,eth0,None,172.17.0.3,172.17.0.2,TCP,47562.0,27544.0,6.0,2025,3,10,14,41,31,2,-1
124,2024-03-10 14:41:31,DENY,34.0,eth0,None,10.0.0.1,172.17.0.2,TCP,47562.0,26313.0,6.0,2025,3,10,14,41,31,-1,-1
125,2024-03-10 14:41:33,DENY,34.0,eth0,None,194.25.56.2,172.17.0.2,TCP,47562.0,14309.0,6.0,2025,3,10,14,41,33,2,-1
126,2024-03-10 14:41:33,DENY,34.0,eth0,None,172.17.0.3,172.17.0.2,TCP,47562.0,49956.0,6.0,2025,3,10,14,41,33,2,-1
127,2024-03-10 14:41:35,DENY,34.0,eth0,None,192.168.1.0,172.17.0.2,TCP,47562.0,33355.0,6.0,2025,3,10,14,41,35,2,-1
128,2024-03-10 14:41:35,DENY,34.0,eth0,None,10.10.1.101,172.17.0.2,TCP,47562.0,51116.0,6.0,2025,3,10,14,41,35,2,-1
129,2024-03-10 14:41:37,DENY,34.0,eth0,None,192.168.4.1,172.17.0.2,TCP,47562.0,26813.0,6.0,2025,3,10,14,41,37,2,-1
130,2024-03-10 14:41:37,DENY,34.0,eth0,None,172.5.2.8,172.17.0.2,TCP,47562.0,29797.0,6.0,2025,3,10,14,41,37,2,-1
131,2024-03-10 14:41:39,DENY,34.0,eth0,None,192.168.1.0,172.17.0.2,TCP,47562.0,848.0,6.0,2025,3,10,14,41,39,2,-1
132,2024-03-10 14:41:39,PERMIT,3.0,eth0,None,10.0.0.1,172.17.0.2,TCP,47562.0,20.0,6.0,2025,3,10,14,41,39,1,1
133,2024-03-10 14:41:39,PERMIT,3.0,eth0,None,192.168.4.1,172.17.0.2,TCP,47562.0,20.0,6.0,2025,3,10,14,41,39,1,1
134,2024-03-10 14:41:39,PERMIT,3.0,eth0,None,172.156.2.26,172.17.0.2,TCP,47562.0,20.0,6.0,2025,3,10,14,41,39,1,1
135,2024-03-10 14:41:39,PERMIT,3.0,eth0,None,192.168.1.0,172.17.0.2,TCP,47562.0,20.0,6.0,2025,3,10,14,41,39,1,1
136,2024-03-10 14:41:39,PERMIT,3.0,eth0,None,10.10.1.101,172.17.0.2,TCP,47562.0,20.0,6.0,2025,3,10,14,41,39,1,1
137,2024-03-10 14:45:56,DENY,34.0,eth0,None,163.105.149.177,172.17.0.2,TCP,36958.0,143.0,6.0,2025,3,10,14,45,56,-1,-1
138,2024-03-10 14:45:56,DENY,34.0,eth0,None,172.17.0.3,172.17.0.2,TCP,36958.0,143.0,6.0,2025,3,10,14,45,56,-1,-1
139,2024-03-10 14:45:56,DENY,34.0,eth0,None,132.55.150.188,172.17.0.2,TCP,36958.0,143.0,6.0,2025,3,10,14,45,56,-1,-1
140,2024-03-10 14:45:56,DENY,34.0,eth0,None,28.22.46.114,172.17.0.2,TCP,36958.0,143.0,6.0,2025,3,10,14,45,56,-1,-1
141,2024-03-10 14:45:56,DENY,34.0,eth0,None,197.83.32.193,172.17.0.2,TCP,36958.0,143.0,6.0,2025,3,10,14,45,56,-1,-1
142,2024-03-10 14:45:56,PERMIT,2.0,eth0,None,163.105.149.177,172.17.0.2,TCP,36958.0,23.0,6.0,2025,3,10,14,45,56,-1,1
143,2024-03-10 14:45:56,PERMIT,2.0,eth0,None,172.17.0.3,172.17.0.2,TCP,36958.0,23.0,6.0,2025,3,10,14,45,56,-1,1
144,2024-03-10 14:45:56,PERMIT,2.0,eth0,None,132.55.150.188,172.17.0.2,TCP,36958.0,23.0,6.0,2025,3,10,14,45,56,-1,-1
145,2024-03-10 14:45:56,PERMIT,2.0,eth0,None,28.22.46.114,172.17.0.2,TCP,36958.0,23.0,6.0,2025,3,10,14,45,56,-1,-1
146,2024-03-10 14:45:56,PERMIT,2.0,eth0,None,197.83.32.193,172.17.0.2,TCP,36958.0,23.0,6.0,2025,3,10,14,45,56,-1,-1
147,2024-03-10 14:45:56,PERMIT,4.0,eth0,None,163.105.149.177,172.17.0.2,TCP,36958.0,80.0,6.0,2025,3,10,14,45,56,-1,1
148,2024-03-10 14:45:56,PERMIT,4.0,eth0,None,172.17.0.3,172.17.0.2,TCP,36958.0,80.0,6.0,2025,3,10,14,45,56,-1,1
149,2024-03-10 14:45:56,PERMIT,4.0,eth0,None,132.55.150.188,172.17.0.2,TCP,36958.0,80.0,6.0,2025,3,10,14,45,56,-1,-1
150,2024-03-10 14:45:56,PERMIT,4.0,eth0,None,28.22.46.114,172.17.0.2,TCP,36958.0,80.0,6.0,2025,3,10,14,45,56,-1,-1
151,2024-03-10 14:45:56,PERMIT,4.0,eth0,None,197.83.32.193,172.17.0.2,TCP,36958.0,80.0,6.0,2025,3,10,14,45,56,-1,-1
152,2024-03-10 14:45:56,PERMIT,5.0,eth0,None,163.105.149.177,172.17.0.2,TCP,36958.0,3306.0,6.0,2025,3,10,14,45,56,-1,-1
153,2024-03-10 14:45:56,PERMIT,5.0,eth0,None,172.17.0.3,172.17.0.2,TCP,36958.0,3306.0,6.0,2025,3,10,14,45,56,-1,-1
154,2024-03-10 14:45:56,PERMIT,5.0,eth0,None,132.55.150.188,172.17.0.2,TCP,36958.0,3306.0,6.0,2025,3,10,14,45,56,-1,-1
155,2024-03-10 14:45:56,PERMIT,5.0,eth0,None,28.22.46.114,172.17.0.2,TCP,36958.0,3306.0,6.0,2025,3,10,14,45,56,-1,-1
156,2024-03-10 14:45:56,PERMIT,5.0,eth0,None,197.83.32.193,172.17.0.2,TCP,36958.0,3306.0,6.0,2025,3,10,14,45,56,-1,-1
157,2024-03-10 14:45:56,PERMIT,3.0,eth0,None,163.105.149.177,172.17.0.2,TCP,36958.0,21.0,6.0,2025,3,10,14,45,56,-1,1
158,2024-03-10 14:45:56,PERMIT,3.0,eth0,None,172.17.0.3,172.17.0.2,TCP,36958.0,21.0,6.0,2025,3,10,14,45,56,-1,1
159,2024-03-10 14:45:56,PERMIT,3.0,eth0,None,132.55.150.188,172.17.0.2,TCP,36958.0,21.0,6.0,2025,3,10,14,45,56,-1,-1
160,2024-03-10 14:45:57,PERMIT,3.0,eth0,None,28.22.46.114,172.17.0.2,TCP,36958.0,21.0,6.0,2025,3,10,14,45,57,-1,-1
161,2024-03-10 14:45:57,PERMIT,3.0,eth0,None,197.83.32.193,172.17.0.2,TCP,36958.0,21.0,6.0,2025,3,10,14,45,57,-1,-1
162,2024-03-10 14:46:24,DENY,34.0,eth0,None,10.0.0.1,172.17.0.2,TCP,42375.0,25.0,6.0,2025,3,10,14,46,24,2,-1
163,2024-03-10 14:46:24,DENY,34.0,eth0,None,192.168.4.1,172.17.0.2,TCP,42375.0,25.0,6.0,2025,3,10,14,46,24,2,-1
164,2024-03-10 14:46:24,DENY,34.0,eth0,None,172.156.2.26,172.17.0.2,TCP,42375.0,25.0,6.0,2025,3,10,14,46,24,2,-1
165,2024-03-10 14:46:24,DENY,34.0,eth0,None,192.168.1.0,172.17.0.2,TCP,42375.0,25.0,6.0,2025,3,10,14,46,24,2,-1
166,2024-03-10 14:46:24,DENY,34.0,eth0,None,10.10.1.101,172.17.0.2,TCP,42375.0,25.0,6.0,2025,3,10,14,46,24,2,-1
167,2024-03-10 14:46:24,PERMIT,2.0,eth0,None,10.0.0.1,172.17.0.2,TCP,42375.0,23.0,6.0,2025,3,10,14,46,24,1,1
168,2024-03-10 14:46:24,PERMIT,2.0,eth0,None,192.168.4.1,172.17.0.2,TCP,42375.0,23.0,6.0,2025,3,10,14,46,24,1,1
169,2024-03-10 14:46:24,PERMIT,2.0,eth0,None,172.156.2.26,172.17.0.2,TCP,42375.0,23.0,6.0,2025,3,10,14,46,24,1,1
170,2024-03-10 14:46:24,PERMIT,2.0,eth0,None,192.168.1.0,172.17.0.2,TCP,42375.0,23.0,6.0,2025,3,10,14,46,24,1,1
171,2024-03-10 14:46:24,PERMIT,2.0,eth0,None,10.10.1.101,172.17.0.2,TCP,42375.0,23.0,6.0,2025,3,10,14,46,24,1,1
172,2024-03-10 14:46:24,PERMIT,3.0,eth0,None,10.0.0.1,172.17.0.2,TCP,42375.0,21.0,6.0,2025,3,10,14,46,24,1,1
173,2024-03-10 14:46:24,PERMIT,3.0,eth0,None,192.168.4.1,172.17.0.2,TCP,42375.0,21.0,6.0,2025,3,10,14,46,24,1,1
174,2024-03-10 14:46:24,PERMIT,3.0,eth0,None,172.156.2.26,172.17.0.2,TCP,42375.0,21.0,6.0,2025,3,10,14,46,24,1,1
175,2024-03-10 14:46:24,PERMIT,3.0,eth0,None,192.168.1.0,172.17.0.2,TCP,42375.0,21.0,6.0,2025,3,10,14,46,24,1,1
176,2024-03-10 14:46:24,PERMIT,3.0,eth0,None,10.10.1.101,172.17.0.2,TCP,42375.0,21.0,6.0,2025,3,10,14,46,24,1,1
177,2024-03-10 14:46:24,PERMIT,4.0,eth0,None,10.0.0.1,172.17.0.2,TCP,42375.0,80.0,6.0,2025,3,10,14,46,24,1,1
178,2024-03-10 14:46:24,PERMIT,4.0,eth0,None,192.168.4.1,172.17.0.2,TCP,42375.0,80.0,6.0,2025,3,10,14,46,24,1,1
179,2024-03-10 14:46:24,PERMIT,4.0,eth0,None,172.156.2.26,172.17.0.2,TCP,42375.0,80.0,6.0,2025,3,10,14,46,24,1,1
180,2024-03-10 14:46:24,PERMIT,4.0,eth0,None,192.168.1.0,172.17.0.2,TCP,42375.0,80.0,6.0,2025,3,10,14,46,24,1,1
181,2024-03-10 14:46:24,PERMIT,4.0,eth0,None,10.10.1.101,172.17.0.2,TCP,42375.0,80.0,6.0,2025,3,10,14,46,24,1,1
182,2024-03-10 14:46:24,PERMIT,5.0,eth0,None,10.0.0.1,172.17.0.2,TCP,42375.0,3306.0,6.0,2025,3,10,14,46,24,1,1
183,2024-03-10 14:46:24,PERMIT,5.0,eth0,None,192.168.4.1,172.17.0.2,TCP,42375.0,3306.0,6.0,2025,3,10,14,46,24,1,1
184,2024-03-10 14:46:24,PERMIT,5.0,eth0,None,172.156.2.26,172.17.0.2,TCP,42375.0,3306.0,6.0,2025,3,10,14,46,24,1,1
185,2024-03-10 14:46:25,PERMIT,5.0,eth0,None,192.168.1.0,172.17.0.2,TCP,42375.0,3306.0,6.0,2025,3,10,14,46,25,1,1
186,2024-03-10 14:46:25,PERMIT,5.0,eth0,None,10.10.1.101,172.17.0.2,TCP,42375.0,3306.0,6.0,2025,3,10,14,46,25,1,1
187,2024-03-10 14:47:07,DENY,34.0,eth0,None,172.17.0.3,172.17.0.2,TCP,55669.0,25.0,6.0,2025,3,10,14,47,7,2,-1
188,2024-03-10 14:47:07,DENY,34.0,eth0,None,172.17.0.3,172.17.0.2,TCP,55669.0,8080.0,6.0,2025,3,10,14,47,7,2,-1
189,2024-03-10 14:47:07,PERMIT,5.0,eth0,None,172.17.0.3,172.17.0.2,TCP,55669.0,3306.0,6.0,2025,3,10,14,47,7,1,1
190,2024-03-10 14:47:07,DENY,34.0,eth0,None,172.17.0.3,172.17.0.2,TCP,55669.0,3389.0,6.0,2025,3,10,14,47,7,2,-1
191,2024-03-10 14:47:07,DENY,34.0,eth0,None,172.17.0.3,172.17.0.2,TCP,55669.0,445.0,6.0,2025,3,10,14,47,7,2,-1
192,2024-03-10 14:47:07,PERMIT,3.0,eth0,None,172.17.0.3,172.17.0.2,TCP,55669.0,21.0,6.0,2025,3,10,14,47,7,1,1
193,2024-03-10 14:47:07,PERMIT,4.0,eth0,None,172.17.0.3,172.17.0.2,TCP,55669.0,80.0,6.0,2025,3,10,14,47,7,1,1
194,2024-03-10 14:47:07,PERMIT,2.0,eth0,None,172.17.0.3,172.17.0.2,TCP,55669.0,23.0,6.0,2025,3,10,14,47,7,1,1
195,2024-03-10 14:47:07,PERMIT,3.0,eth0,None,172.17.0.3,172.17.0.2,TCP,55669.0,20.0,6.0,2025,3,10,14,47,7,1,1
196,2024-03-10 14:51:09,DENY,34.0,eth0,None,159.84.10.1,172.17.0.2,TCP,50448.0,199.0,6.0,2025,3,10,14,51,9,2,-1
197,2024-03-10 14:51:09,DENY,34.0,eth0,None,172.17.0.3,172.17.0.2,TCP,50448.0,199.0,6.0,2025,3,10,14,51,9,2,1
198,2024-03-10 14:51:09,DENY,34.0,eth0,None,159.84.20.2,172.17.0.2,TCP,50448.0,199.0,6.0,2025,3,10,14,51,9,2,-1
199,2024-03-10 14:51:09,DENY,34.0,eth0,None,159.84.30.3,172.17.0.2,TCP,50448.0,199.0,6.0,2025,3,10,14,51,9,2,-1
200,2024-03-10 14:51:09,DENY,34.0,eth0,None,159.84.40.4,172.17.0.2,TCP,50448.0,199.0,6.0,2025,3,10,14,51,9,2,-1
201,2024-03-10 14:51:09,PERMIT,3.0,eth0,None,159.84.10.1,172.17.0.2,TCP,50448.0,21.0,6.0,2025,3,10,14,51,9,1,1
202,2024-03-10 14:51:09,PERMIT,3.0,eth0,None,172.17.0.3,172.17.0.2,TCP,50448.0,21.0,6.0,2025,3,10,14,51,9,1,1
203,2024-03-10 14:51:09,PERMIT,3.0,eth0,None,159.84.20.2,172.17.0.2,TCP,50448.0,21.0,6.0,2025,3,10,14,51,9,1,1
204,2024-03-10 14:51:09,PERMIT,3.0,eth0,None,159.84.30.3,172.17.0.2,TCP,50448.0,21.0,6.0,2025,3,10,14,51,9,1,1
205,2024-03-10 14:51:09,PERMIT,3.0,eth0,None,159.84.40.4,172.17.0.2,TCP,50448.0,21.0,6.0,2025,3,10,14,51,9,1,1
206,2024-03-10 14:51:09,PERMIT,5.0,eth0,None,159.84.10.1,172.17.0.2,TCP,50448.0,3306.0,6.0,2025,3,10,14,51,9,1,1
207,2024-03-10 14:51:09,PERMIT,5.0,eth0,None,172.17.0.3,172.17.0.2,TCP,50448.0,3306.0,6.0,2025,3,10,14,51,9,1,1
208,2024-03-10 14:51:09,PERMIT,5.0,eth0,None,159.84.20.2,172.17.0.2,TCP,50448.0,3306.0,6.0,2025,3,10,14,51,9,1,1
209,2024-03-10 14:51:09,PERMIT,5.0,eth0,None,159.84.30.3,172.17.0.2,TCP,50448.0,3306.0,6.0,2025,3,10,14,51,9,1,1
210,2024-03-10 14:51:09,PERMIT,5.0,eth0,None,159.84.40.4,172.17.0.2,TCP,50448.0,3306.0,6.0,2025,3,10,14,51,9,1,1
211,2024-03-10 14:51:09,PERMIT,4.0,eth0,None,159.84.10.1,172.17.0.2,TCP,50448.0,80.0,6.0,2025,3,10,14,51,9,1,1
212,2024-03-10 14:51:09,PERMIT,4.0,eth0,None,172.17.0.3,172.17.0.2,TCP,50448.0,80.0,6.0,2025,3,10,14,51,9,1,1
213,2024-03-10 14:51:09,PERMIT,4.0,eth0,None,159.84.20.2,172.17.0.2,TCP,50448.0,80.0,6.0,2025,3,10,14,51,9,1,1
214,2024-03-10 14:51:09,PERMIT,4.0,eth0,None,159.84.30.3,172.17.0.2,TCP,50448.0,80.0,6.0,2025,3,10,14,51,9,1,1
215,2024-03-10 14:51:09,PERMIT,4.0,eth0,None,159.84.40.4,172.17.0.2,TCP,50448.0,80.0,6.0,2025,3,10,14,51,9,1,1
216,2024-03-10 14:51:09,PERMIT,2.0,eth0,None,159.84.10.1,172.17.0.2,TCP,50448.0,23.0,6.0,2025,3,10,14,51,9,1,1
217,2024-03-10 14:51:09,PERMIT,2.0,eth0,None,172.17.0.3,172.17.0.2,TCP,50448.0,23.0,6.0,2025,3,10,14,51,9,1,1
218,2024-03-10 14:51:09,PERMIT,2.0,eth0,None,159.84.20.2,172.17.0.2,TCP,50448.0,23.0,6.0,2025,3,10,14,51,9,1,1
219,2024-03-10 14:51:10,PERMIT,2.0,eth0,None,159.84.30.3,172.17.0.2,TCP,50448.0,23.0,6.0,2025,3,10,14,51,10,1,1
220,2024-03-10 14:51:10,PERMIT,2.0,eth0,None,159.84.40.4,172.17.0.2,TCP,50448.0,23.0,6.0,2025,3,10,14,51,10,1,1
221,2024-03-10 14:52:09,DENY,34.0,eth0,None,159.84.10.1,172.17.0.2,TCP,50960.0,110.0,6.0,2025,3,10,14,52,9,2,-1
222,2024-03-10 14:52:09,DENY,34.0,eth0,None,159.84.20.2,172.17.0.2,TCP,50960.0,110.0,6.0,2025,3,10,14,52,9,2,-1
223,2024-03-10 14:52:09,DENY,34.0,eth0,None,159.84.30.3,172.17.0.2,TCP,50960.0,110.0,6.0,2025,3,10,14,52,9,2,-1
224,2024-03-10 14:52:09,DENY,34.0,eth0,None,159.84.40.4,172.17.0.2,TCP,50960.0,110.0,6.0,2025,3,10,14,52,9,2,-1
225,2024-03-10 14:52:09,DENY,34.0,eth0,None,172.17.0.3,172.17.0.2,TCP,50960.0,110.0,6.0,2025,3,10,14,52,9,2,1
226,2024-03-10 14:52:09,PERMIT,5.0,eth0,None,159.84.10.1,172.17.0.2,TCP,50960.0,3306.0,6.0,2025,3,10,14,52,9,1,1
227,2024-03-10 14:52:09,PERMIT,5.0,eth0,None,159.84.20.2,172.17.0.2,TCP,50960.0,3306.0,6.0,2025,3,10,14,52,9,1,1
228,2024-03-10 14:52:09,PERMIT,5.0,eth0,None,159.84.30.3,172.17.0.2,TCP,50960.0,3306.0,6.0,2025,3,10,14,52,9,1,1
229,2024-03-10 14:52:09,PERMIT,5.0,eth0,None,159.84.40.4,172.17.0.2,TCP,50960.0,3306.0,6.0,2025,3,10,14,52,9,1,1
230,2024-03-10 14:52:09,PERMIT,5.0,eth0,None,172.17.0.3,172.17.0.2,TCP,50960.0,3306.0,6.0,2025,3,10,14,52,9,1,1
231,2024-03-10 14:52:09,PERMIT,4.0,eth0,None,159.84.10.1,172.17.0.2,TCP,50960.0,80.0,6.0,2025,3,10,14,52,9,1,1
232,2024-03-10 14:52:09,PERMIT,4.0,eth0,None,159.84.20.2,172.17.0.2,TCP,50960.0,80.0,6.0,2025,3,10,14,52,9,1,1
233,2024-03-10 14:52:09,PERMIT,4.0,eth0,None,159.84.30.3,172.17.0.2,TCP,50960.0,80.0,6.0,2025,3,10,14,52,9,1,1
234,2024-03-10 14:52:09,PERMIT,4.0,eth0,None,159.84.40.4,172.17.0.2,TCP,50960.0,80.0,6.0,2025,3,10,14,52,9,1,1
235,2024-03-10 14:52:09,PERMIT,4.0,eth0,None,172.17.0.3,172.17.0.2,TCP,50960.0,80.0,6.0,2025,3,10,14,52,9,1,1
236,2024-03-10 14:52:09,PERMIT,3.0,eth0,None,159.84.10.1,172.17.0.2,TCP,50960.0,21.0,6.0,2025,3,10,14,52,9,1,1
237,2024-03-10 14:52:09,PERMIT,3.0,eth0,None,159.84.20.2,172.17.0.2,TCP,50960.0,21.0,6.0,2025,3,10,14,52,9,1,1
238,2024-03-10 14:52:09,PERMIT,3.0,eth0,None,159.84.30.3,172.17.0.2,TCP,50960.0,21.0,6.0,2025,3,10,14,52,9,1,1
239,2024-03-10 14:52:09,PERMIT,3.0,eth0,None,159.84.40.4,172.17.0.2,TCP,50960.0,21.0,6.0,2025,3,10,14,52,9,1,1
240,2024-03-10 14:52:09,PERMIT,3.0,eth0,None,172.17.0.3,172.17.0.2,TCP,50960.0,21.0,6.0,2025,3,10,14,52,9,1,1
241,2024-03-10 14:52:09,PERMIT,2.0,eth0,None,159.84.10.1,172.17.0.2,TCP,50960.0,23.0,6.0,2025,3,10,14,52,9,1,1
242,2024-03-10 14:52:09,PERMIT,2.0,eth0,None,159.84.20.2,172.17.0.2,TCP,50960.0,23.0,6.0,2025,3,10,14,52,9,1,1
243,2024-03-10 14:52:09,PERMIT,2.0,eth0,None,159.84.30.3,172.17.0.2,TCP,50960.0,23.0,6.0,2025,3,10,14,52,9,1,1
244,2024-03-10 14:52:10,PERMIT,2.0,eth0,None,159.84.40.4,172.17.0.2,TCP,50960.0,23.0,6.0,2025,3,10,14,52,10,1,1
245,2024-03-10 14:52:10,PERMIT,2.0,eth0,None,172.17.0.3,172.17.0.2,TCP,50960.0,23.0,6.0,2025,3,10,14,52,10,1,1
246,2024-03-10 14:52:21,DENY,34.0,eth0,None,159.84.10.1,172.17.0.2,TCP,33987.0,25.0,6.0,2025,3,10,14,52,21,2,-1
247,2024-03-10 14:52:21,DENY,34.0,eth0,None,159.84.20.2,172.17.0.2,TCP,33987.0,25.0,6.0,2025,3,10,14,52,21,2,-1
248,2024-03-10 14:52:21,DENY,34.0,eth0,None,172.17.0.3,172.17.0.2,TCP,33987.0,25.0,6.0,2025,3,10,14,52,21,2,-1
249,2024-03-10 14:52:21,DENY,34.0,eth0,None,159.84.30.3,172.17.0.2,TCP,33987.0,25.0,6.0,2025,3,10,14,52,21,2,-1
250,2024-03-10 14:52:21,DENY,34.0,eth0,None,159.84.40.4,172.17.0.2,TCP,33987.0,25.0,6.0,2025,3,10,14,52,21,2,-1
251,2024-03-10 14:52:21,PERMIT,5.0,eth0,None,159.84.10.1,172.17.0.2,TCP,33987.0,3306.0,6.0,2025,3,10,14,52,21,1,-1
252,2024-03-10 14:52:21,PERMIT,5.0,eth0,None,159.84.20.2,172.17.0.2,TCP,33987.0,3306.0,6.0,2025,3,10,14,52,21,1,1
253,2024-03-10 14:52:21,PERMIT,5.0,eth0,None,172.17.0.3,172.17.0.2,TCP,33987.0,3306.0,6.0,2025,3,10,14,52,21,1,1
254,2024-03-10 14:52:21,PERMIT,5.0,eth0,None,159.84.30.3,172.17.0.2,TCP,33987.0,3306.0,6.0,2025,3,10,14,52,21,1,1
255,2024-03-10 14:52:21,PERMIT,5.0,eth0,None,159.84.40.4,172.17.0.2,TCP,33987.0,3306.0,6.0,2025,3,10,14,52,21,1,1
256,2024-03-10 14:52:21,PERMIT,3.0,eth0,None,159.84.10.1,172.17.0.2,TCP,33987.0,21.0,6.0,2025,3,10,14,52,21,1,1
257,2024-03-10 14:52:21,PERMIT,3.0,eth0,None,159.84.20.2,172.17.0.2,TCP,33987.0,21.0,6.0,2025,3,10,14,52,21,1,1
258,2024-03-10 14:52:21,PERMIT,3.0,eth0,None,172.17.0.3,172.17.0.2,TCP,33987.0,21.0,6.0,2025,3,10,14,52,21,1,1
259,2024-03-10 14:52:21,PERMIT,3.0,eth0,None,159.84.30.3,172.17.0.2,TCP,33987.0,21.0,6.0,2025,3,10,14,52,21,1,1
260,2024-03-10 14:52:21,PERMIT,3.0,eth0,None,159.84.40.4,172.17.0.2,TCP,33987.0,21.0,6.0,2025,3,10,14,52,21,1,1
261,2024-03-10 14:52:21,PERMIT,2.0,eth0,None,159.84.10.1,172.17.0.2,TCP,33987.0,23.0,6.0,2025,3,10,14,52,21,1,1
262,2024-03-10 14:52:21,PERMIT,2.0,eth0,None,159.84.20.2,172.17.0.2,TCP,33987.0,23.0,6.0,2025,3,10,14,52,21,1,1
263,2024-03-10 14:52:21,PERMIT,2.0,eth0,None,172.17.0.3,172.17.0.2,TCP,33987.0,23.0,6.0,2025,3,10,14,52,21,1,1
264,2024-03-10 14:52:21,PERMIT,2.0,eth0,None,159.84.30.3,172.17.0.2,TCP,33987.0,23.0,6.0,2025,3,10,14,52,21,1,1
265,2024-03-10 14:52:21,PERMIT,2.0,eth0,None,159.84.40.4,172.17.0.2,TCP,33987.0,23.0,6.0,2025,3,10,14,52,21,1,1
266,2024-03-10 14:52:21,PERMIT,4.0,eth0,None,159.84.10.1,172.17.0.2,TCP,33987.0,80.0,6.0,2025,3,10,14,52,21,1,1
267,2024-03-10 14:52:21,PERMIT,4.0,eth0,None,159.84.20.2,172.17.0.2,TCP,33987.0,80.0,6.0,2025,3,10,14,52,21,1,1
268,2024-03-10 14:52:21,PERMIT,4.0,eth0,None,172.17.0.3,172.17.0.2,TCP,33987.0,80.0,6.0,2025,3,10,14,52,21,1,1
269,2024-03-10 14:52:22,PERMIT,4.0,eth0,None,159.84.30.3,172.17.0.2,TCP,33987.0,80.0,6.0,2025,3,10,14,52,22,1,1
270,2024-03-10 14:52:22,PERMIT,4.0,eth0,None,159.84.40.4,172.17.0.2,TCP,33987.0,80.0,6.0,2025,3,10,14,52,22,1,1
271,2024-03-10 14:53:00,PERMIT,1.0,eth0,None,172.17.0.3,172.17.0.2,TCP,57698.0,22.0,6.0,2025,3,10,14,53,0,1,1
272,2024-03-10 14:53:00,PERMIT,1.0,eth0,None,159.84.10.1,172.17.0.2,TCP,57698.0,22.0,6.0,2025,3,10,14,53,0,1,-1
273,2024-03-10 14:53:00,PERMIT,1.0,eth0,None,159.84.20.2,172.17.0.2,TCP,57698.0,22.0,6.0,2025,3,10,14,53,0,1,1
274,2024-03-10 14:53:00,PERMIT,1.0,eth0,None,159.84.30.3,172.17.0.2,TCP,57698.0,22.0,6.0,2025,3,10,14,53,0,1,1
275,2024-03-10 14:53:00,PERMIT,1.0,eth0,None,159.84.40.4,172.17.0.2,TCP,57698.0,22.0,6.0,2025,3,10,14,53,0,1,1
276,2024-03-10 14:53:00,PERMIT,5.0,eth0,None,172.17.0.3,172.17.0.2,TCP,57698.0,3306.0,6.0,2025,3,10,14,53,0,1,1
277,2024-03-10 14:53:00,PERMIT,5.0,eth0,None,159.84.10.1,172.17.0.2,TCP,57698.0,3306.0,6.0,2025,3,10,14,53,0,1,-1
278,2024-03-10 14:53:00,PERMIT,5.0,eth0,None,159.84.20.2,172.17.0.2,TCP,57698.0,3306.0,6.0,2025,3,10,14,53,0,1,-1
279,2024-03-10 14:53:00,PERMIT,5.0,eth0,None,159.84.30.3,172.17.0.2,TCP,57698.0,3306.0,6.0,2025,3,10,14,53,0,1,1
280,2024-03-10 14:53:00,PERMIT,5.0,eth0,None,159.84.40.4,172.17.0.2,TCP,57698.0,3306.0,6.0,2025,3,10,14,53,0,1,1
281,2024-03-10 14:53:00,PERMIT,2.0,eth0,None,172.17.0.3,172.17.0.2,TCP,57698.0,23.0,6.0,2025,3,10,14,53,0,1,1
282,2024-03-10 14:53:00,PERMIT,2.0,eth0,None,159.84.10.1,172.17.0.2,TCP,57698.0,23.0,6.0,2025,3,10,14,53,0,1,1
283,2024-03-10 14:53:00,PERMIT,2.0,eth0,None,159.84.20.2,172.17.0.2,TCP,57698.0,23.0,6.0,2025,3,10,14,53,0,1,1
284,2024-03-10 14:53:00,PERMIT,2.0,eth0,None,159.84.30.3,172.17.0.2,TCP,57698.0,23.0,6.0,2025,3,10,14,53,0,1,1
285,2024-03-10 14:53:00,PERMIT,2.0,eth0,None,159.84.40.4,172.17.0.2,TCP,57698.0,23.0,6.0,2025,3,10,14,53,0,1,1
286,2024-03-10 14:53:00,PERMIT,3.0,eth0,None,172.17.0.3,172.17.0.2,TCP,57698.0,21.0,6.0,2025,3,10,14,53,0,1,1
287,2024-03-10 14:53:00,PERMIT,3.0,eth0,None,159.84.10.1,172.17.0.2,TCP,57698.0,21.0,6.0,2025,3,10,14,53,0,1,1
288,2024-03-10 14:53:00,PERMIT,3.0,eth0,None,159.84.20.2,172.17.0.2,TCP,57698.0,21.0,6.0,2025,3,10,14,53,0,1,1
289,2024-03-10 14:53:00,PERMIT,3.0,eth0,None,159.84.30.3,172.17.0.2,TCP,57698.0,21.0,6.0,2025,3,10,14,53,0,1,1
290,2024-03-10 14:53:00,PERMIT,3.0,eth0,None,159.84.40.4,172.17.0.2,TCP,57698.0,21.0,6.0,2025,3,10,14,53,0,1,1
291,2024-03-10 14:53:00,PERMIT,4.0,eth0,None,172.17.0.3,172.17.0.2,TCP,57698.0,80.0,6.0,2025,3,10,14,53,0,1,1
292,2024-03-10 14:53:00,PERMIT,4.0,eth0,None,159.84.10.1,172.17.0.2,TCP,57698.0,80.0,6.0,2025,3,10,14,53,0,1,1
293,2024-03-10 14:53:00,PERMIT,4.0,eth0,None,159.84.20.2,172.17.0.2,TCP,57698.0,80.0,6.0,2025,3,10,14,53,0,1,1
294,2024-03-10 14:53:01,PERMIT,4.0,eth0,None,159.84.30.3,172.17.0.2,TCP,57698.0,80.0,6.0,2025,3,10,14,53,1,1,1
295,2024-03-10 14:53:01,PERMIT,4.0,eth0,None,159.84.40.4,172.17.0.2,TCP,57698.0,80.0,6.0,2025,3,10,14,53,1,1,1
296,2024-03-10 14:58:05,PERMIT,3.0,eth0,None,172.17.0.3,172.17.0.2,TCP,43354.0,21.0,6.0,2025,3,10,14,58,5,1,1
297,2024-03-10 14:58:05,PERMIT,3.0,eth0,None,172.17.0.3,172.17.0.2,TCP,43358.0,21.0,6.0,2025,3,10,14,58,5,1,1
298,2024-03-10 14:58:05,PERMIT,3.0,eth0,None,172.17.0.3,172.17.0.2,TCP,43370.0,21.0,6.0,2025,3,10,14,58,5,1,1
299,2024-03-10 14:58:05,PERMIT,3.0,eth0,None,172.17.0.3,172.17.0.2,TCP,43378.0,21.0,6.0,2025,3,10,14,58,5,1,1
300,2024-03-10 14:58:05,PERMIT,3.0,eth0,None,172.17.0.3,172.17.0.2,TCP,43388.0,21.0,6.0,2025,3,10,14,58,5,1,1
301,2024-03-10 14:58:08,PERMIT,3.0,eth0,None,172.17.0.3,172.17.0.2,TCP,43510.0,21.0,6.0,2025,3,10,14,58,8,1,1
302,2024-03-10 14:58:08,PERMIT,3.0,eth0,None,172.17.0.3,172.17.0.2,TCP,43508.0,21.0,6.0,2025,3,10,14,58,8,1,1
303,2024-03-10 14:58:08,PERMIT,3.0,eth0,None,172.17.0.3,172.17.0.2,TCP,43566.0,21.0,6.0,2025,3,10,14,58,8,1,1
304,2024-03-10 14:58:08,PERMIT,3.0,eth0,None,172.17.0.3,172.17.0.2,TCP,43542.0,21.0,6.0,2025,3,10,14,58,8,1,1
305,2024-03-10 14:58:08,PERMIT,3.0,eth0,None,172.17.0.3,172.17.0.2,TCP,43580.0,21.0,6.0,2025,3,10,14,58,8,1,1
306,2024-03-10 14:58:25,PERMIT,1.0,eth0,None,172.17.0.3,172.17.0.2,TCP,38314.0,22.0,6.0,2025,3,10,14,58,25,1,-1
307,2024-03-10 15:00:06,PERMIT,3.0,eth0,None,172.17.0.3,172.17.0.2,TCP,60528.0,21.0,6.0,2025,3,10,15,0,6,-1,-1
308,2024-03-10 15:00:06,PERMIT,3.0,eth0,None,172.17.0.3,172.17.0.2,TCP,60532.0,21.0,6.0,2025,3,10,15,0,6,-1,1
309,2024-03-10 15:00:06,PERMIT,3.0,eth0,None,172.17.0.3,172.17.0.2,TCP,60538.0,21.0,6.0,2025,3,10,15,0,6,-1,1
310,2024-03-10 15:00:06,PERMIT,3.0,eth0,None,172.17.0.3,172.17.0.2,TCP,60542.0,21.0,6.0,2025,3,10,15,0,6,-1,-1
311,2024-03-10 15:00:06,PERMIT,3.0,eth0,None,172.17.0.3,172.17.0.2,TCP,60556.0,21.0,6.0,2025,3,10,15,0,6,-1,-1
312,2024-03-10 15:00:09,PERMIT,3.0,eth0,None,172.17.0.3,172.17.0.2,TCP,60678.0,21.0,6.0,2025,3,10,15,0,9,-1,1
313,2024-03-10 15:00:09,PERMIT,3.0,eth0,None,172.17.0.3,172.17.0.2,TCP,60684.0,21.0,6.0,2025,3,10,15,0,9,-1,1
314,2024-03-10 15:00:09,PERMIT,3.0,eth0,None,172.17.0.3,172.17.0.2,TCP,60692.0,21.0,6.0,2025,3,10,15,0,9,-1,1
315,2024-03-10 15:00:09,PERMIT,3.0,eth0,None,172.17.0.3,172.17.0.2,TCP,60706.0,21.0,6.0,2025,3,10,15,0,9,-1,1
316,2024-03-10 15:00:09,PERMIT,3.0,eth0,None,172.17.0.3,172.17.0.2,TCP,60708.0,21.0,6.0,2025,3,10,15,0,9,-1,1
317,2024-03-10 15:00:27,PERMIT,3.0,eth0,None,172.17.0.3,172.17.0.2,TCP,55922.0,21.0,6.0,2025,3,10,15,0,27,-1,1
318,2024-03-10 15:00:27,PERMIT,3.0,eth0,None,172.17.0.3,172.17.0.2,TCP,55934.0,21.0,6.0,2025,3,10,15,0,27,-1,1
319,2024-03-10 15:00:27,PERMIT,3.0,eth0,None,172.17.0.3,172.17.0.2,TCP,55926.0,21.0,6.0,2025,3,10,15,0,27,-1,1
320,2024-03-10 15:00:27,PERMIT,3.0,eth0,None,172.17.0.3,172.17.0.2,TCP,55944.0,21.0,6.0,2025,3,10,15,0,27,-1,1
321,2024-03-10 15:00:27,PERMIT,3.0,eth0,None,172.17.0.3,172.17.0.2,TCP,55956.0,21.0,6.0,2025,3,10,15,0,27,-1,1
322,2024-03-10 15:00:30,PERMIT,3.0,eth0,None,172.17.0.3,172.17.0.2,TCP,48154.0,21.0,6.0,2025,3,10,15,0,30,-1,-1
323,2024-03-10 15:00:30,PERMIT,3.0,eth0,None,172.17.0.3,172.17.0.2,TCP,48156.0,21.0,6.0,2025,3,10,15,0,30,-1,-1
324,2024-03-10 15:00:30,PERMIT,3.0,eth0,None,172.17.0.3,172.17.0.2,TCP,48174.0,21.0,6.0,2025,3,10,15,0,30,-1,-1
325,2024-03-10 15:00:30,PERMIT,3.0,eth0,None,172.17.0.3,172.17.0.2,TCP,48180.0,21.0,6.0,2025,3,10,15,0,30,-1,-1
326,2024-03-10 15:00:30,PERMIT,3.0,eth0,None,172.17.0.3,172.17.0.2,TCP,48182.0,21.0,6.0,2025,3,10,15,0,30,-1,-1
327,2024-03-10 15:02:10,DENY,34.0,eth0,None,172.17.0.3,172.17.0.2,TCP,63820.0,53.0,6.0,2025,3,10,15,2,10,-1,-1
328,2024-03-10 15:02:10,DENY,34.0,eth0,None,172.17.0.3,172.17.0.2,TCP,63820.0,995.0,6.0,2025,3,10,15,2,10,-1,-1
329,2024-03-10 15:02:10,DENY,34.0,eth0,None,172.17.0.3,172.17.0.2,TCP,63820.0,143.0,6.0,2025,3,10,15,2,10,-1,-1
330,2024-03-10 15:02:10,DENY,34.0,eth0,None,172.17.0.3,172.17.0.2,TCP,63820.0,445.0,6.0,2025,3,10,15,2,10,-1,-1
331,2024-03-10 15:02:10,DENY,34.0,eth0,None,172.17.0.3,172.17.0.2,TCP,63820.0,5900.0,6.0,2025,3,10,15,2,10,-1,-1
332,2024-03-10 15:02:10,PERMIT,4.0,eth0,None,172.17.0.3,172.17.0.2,TCP,63820.0,80.0,6.0,2025,3,10,15,2,10,-1,-1
333,2024-03-10 15:02:10,PERMIT,2.0,eth0,None,172.17.0.3,172.17.0.2,TCP,63820.0,23.0,6.0,2025,3,10,15,2,10,-1,-1
334,2024-03-10 15:02:10,PERMIT,5.0,eth0,None,172.17.0.3,172.17.0.2,TCP,63820.0,3306.0,6.0,2025,3,10,15,2,10,-1,-1
335,2024-03-10 15:02:10,PERMIT,3.0,eth0,None,172.17.0.3,172.17.0.2,TCP,63820.0,21.0,6.0,2025,3,10,15,2,10,-1,-1
336,2024-03-10 15:02:10,PERMIT,7.0,eth0,None,172.17.0.3,172.17.0.2,TCP,63820.0,53812.0,6.0,2025,3,10,15,2,10,-1,-1
337,2024-03-10 15:02:10,PERMIT,7.0,eth0,None,172.17.0.3,172.17.0.2,TCP,63820.0,50674.0,6.0,2025,3,10,15,2,10,-1,-1
338,2024-03-10 15:02:10,PERMIT,7.0,eth0,None,172.17.0.3,172.17.0.2,TCP,63820.0,59785.0,6.0,2025,3,10,15,2,10,-1,-1
339,2024-03-10 15:02:10,PERMIT,7.0,eth0,None,172.17.0.3,172.17.0.2,TCP,63820.0,50217.0,6.0,2025,3,10,15,2,10,-1,-1
340,2024-03-10 15:02:10,PERMIT,3.0,eth0,None,172.17.0.3,172.17.0.2,TCP,63820.0,20.0,6.0,2025,3,10,15,2,10,-1,-1
341,2024-03-10 15:02:36,PERMIT,1.0,eth0,None,172.17.0.3,172.17.0.2,TCP,58208.0,22.0,6.0,2025,3,10,15,2,36,-1,-1
342,2024-03-10 15:20:12,PERMIT,6.0,eth0,None,192.168.65.7,172.17.0.2,UDP,53.0,43098.0,6.0,2025,3,10,15,20,12,-1,-1
343,2024-03-10 15:20:12,PERMIT,6.0,eth0,None,192.168.65.7,172.17.0.2,UDP,53.0,47618.0,6.0,2025,3,10,15,20,12,-1,-1
344,2024-03-10 15:20:12,DENY,34.0,eth0,None,91.189.91.81,172.17.0.2,TCP,80.0,33440.0,6.0,2025,3,10,15,20,12,-1,-1
345,2024-03-10 15:20:12,DENY,34.0,eth0,None,91.189.91.81,172.17.0.2,TCP,80.0,33440.0,6.0,2025,3,10,15,20,12,-1,-1
346,2024-03-10 15:20:12,DENY,34.0,eth0,None,91.189.91.81,172.17.0.2,TCP,80.0,33440.0,6.0,2025,3,10,15,20,12,-1,-1
347,2024-03-10 15:20:13,DENY,34.0,eth0,None,91.189.91.81,172.17.0.2,TCP,80.0,33440.0,6.0,2025,3,10,15,20,13,-1,-1
348,2024-03-10 15:20:13,DENY,34.0,eth0,None,91.189.91.81,172.17.0.2,TCP,80.0,33440.0,6.0,2025,3,10,15,20,13,-1,-1
349,2024-03-10 15:21:21,PERMIT,6.0,eth0,None,192.168.65.7,172.17.0.2,UDP,53.0,56711.0,6.0,2025,3,10,15,21,21,-1,-1
350,2024-03-10 15:21:21,PERMIT,6.0,eth0,None,192.168.65.7,172.17.0.2,UDP,53.0,39267.0,6.0,2025,3,10,15,21,21,-1,-1
351,2024-03-10 15:21:21,DENY,34.0,eth0,None,185.125.190.83,172.17.0.2,TCP,80.0,58974.0,6.0,2025,3,10,15,21,21,-1,-1
352,2024-03-10 15:21:21,DENY,34.0,eth0,None,185.125.190.83,172.17.0.2,TCP,80.0,58974.0,6.0,2025,3,10,15,21,21,-1,-1
353,2024-03-10 15:21:21,PERMIT,6.0,eth0,None,192.168.65.7,172.17.0.2,UDP,53.0,43291.0,6.0,2025,3,10,15,21,21,-1,-1
354,2024-03-10 15:21:21,DENY,34.0,eth0,None,185.125.190.83,172.17.0.2,TCP,80.0,58974.0,6.0,2025,3,10,15,21,21,-1,-1
355,2024-03-10 15:21:22,DENY,34.0,eth0,None,185.125.190.83,172.17.0.2,TCP,80.0,58974.0,6.0,2025,3,10,15,21,22,-1,-1
356,2024-03-10 15:21:22,DENY,34.0,eth0,None,185.125.190.83,172.17.0.2,TCP,80.0,58974.0,6.0,2025,3,10,15,21,22,-1,-1
357,2024-03-10 15:21:22,PERMIT,6.0,eth0,None,192.168.65.7,172.17.0.2,UDP,53.0,58137.0,6.0,2025,3,10,15,21,22,-1,-1
358,2024-03-10 15:21:25,PERMIT,6.0,eth0,None,192.168.65.7,172.17.0.2,UDP,53.0,52354.0,6.0,2025,3,10,15,21,25,-1,-1
359,2024-03-10 15:21:25,PERMIT,6.0,eth0,None,192.168.65.7,172.17.0.2,UDP,53.0,52125.0,6.0,2025,3,10,15,21,25,-1,-1
360,2024-03-10 15:21:25,DENY,34.0,eth0,None,185.125.190.81,172.17.0.2,TCP,80.0,48126.0,6.0,2025,3,10,15,21,25,-1,-1
361,2024-03-10 15:21:25,DENY,34.0,eth0,None,185.125.190.81,172.17.0.2,TCP,80.0,48126.0,6.0,2025,3,10,15,21,25,-1,-1
362,2024-03-10 15:21:25,DENY,34.0,eth0,None,185.125.190.81,172.17.0.2,TCP,80.0,48126.0,6.0,2025,3,10,15,21,25,-1,-1
363,2024-03-10 15:24:32,PERMIT,6.0,eth0,None,192.168.65.7,172.17.0.2,UDP,53.0,48246.0,6.0,2025,3,10,15,24,32,-1,-1
364,2024-03-10 15:25:01,PERMIT,6.0,eth0,None,192.168.65.7,172.17.0.2,UDP,53.0,35917.0,6.0,2025,3,10,15,25,1,-1,-1
365,2024-03-10 15:25:01,PERMIT,6.0,eth0,None,192.168.65.7,172.17.0.2,UDP,53.0,40325.0,6.0,2025,3,10,15,25,1,-1,-1
366,2024-03-10 15:25:01,PERMIT,6.0,eth0,None,192.168.65.7,172.17.0.2,UDP,53.0,37689.0,6.0,2025,3,10,15,25,1,-1,-1
367,2024-03-10 15:25:01,PERMIT,6.0,eth0,None,192.168.65.7,172.17.0.2,UDP,53.0,36037.0,6.0,2025,3,10,15,25,1,-1,-1
368,2024-03-10 15:25:01,PERMIT,6.0,eth0,None,192.168.65.7,172.17.0.2,UDP,53.0,54110.0,6.0,2025,3,10,15,25,1,-1,-1
369,2024-03-10 15:25:11,PERMIT,1.0,eth0,None,172.17.0.3,172.17.0.2,TCP,46455.0,22.0,6.0,2025,3,10,15,25,11,0,-1
370,2024-03-10 15:25:16,PERMIT,1.0,eth0,None,172.17.0.3,172.17.0.2,TCP,58178.0,22.0,6.0,2025,3,10,15,25,16,0,-1
371,2024-03-10 15:25:22,DENY,34.0,eth0,None,172.17.0.3,172.17.0.2,TCP,36247.0,443.0,6.0,2025,3,10,15,25,22,-1,-1
372,2024-03-10 15:25:22,DENY,34.0,eth0,None,172.17.0.3,172.17.0.2,TCP,36247.0,443.0,6.0,2025,3,10,15,25,22,-1,-1
373,2024-03-10 15:26:24,PERMIT,6.0,eth0,None,192.168.65.7,172.17.0.2,UDP,53.0,44225.0,6.0,2025,3,10,15,26,24,-1,-1
374,2024-03-10 15:26:24,PERMIT,6.0,eth0,None,192.168.65.7,172.17.0.2,UDP,53.0,46588.0,6.0,2025,3,10,15,26,24,-1,-1
375,2024-03-10 15:26:24,PERMIT,6.0,eth0,None,192.168.65.7,172.17.0.2,UDP,53.0,48779.0,6.0,2025,3,10,15,26,24,-1,-1
376,2024-03-10 15:26:24,PERMIT,6.0,eth0,None,192.168.65.7,172.17.0.2,UDP,53.0,50466.0,6.0,2025,3,10,15,26,24,-1,-1
377,2024-03-10 15:26:24,PERMIT,6.0,eth0,None,192.168.65.7,172.17.0.2,UDP,53.0,33416.0,6.0,2025,3,10,15,26,24,-1,-1
378,2024-03-10 15:26:30,PERMIT,1.0,eth0,None,172.17.0.3,172.17.0.2,TCP,61228.0,22.0,6.0,2025,3,10,15,26,30,-1,-1
379,2024-03-10 15:26:30,PERMIT,1.0,eth0,None,172.17.0.3,172.17.0.2,TCP,61228.0,22.0,6.0,2025,3,10,15,26,30,-1,-1
380,2024-03-10 15:28:09,PERMIT,3.0,eth0,None,172.17.0.3,172.17.0.2,TCP,52896.0,21.0,6.0,2025,3,10,15,28,9,0,1
381,2024-03-10 15:28:09,PERMIT,3.0,eth0,None,172.17.0.3,172.17.0.2,TCP,52910.0,21.0,6.0,2025,3,10,15,28,9,0,1
382,2024-03-10 15:28:09,PERMIT,3.0,eth0,None,172.17.0.3,172.17.0.2,TCP,52908.0,21.0,6.0,2025,3,10,15,28,9,0,1
383,2024-03-10 15:28:09,PERMIT,3.0,eth0,None,172.17.0.3,172.17.0.2,TCP,52924.0,21.0,6.0,2025,3,10,15,28,9,0,1
384,2024-03-10 15:28:09,PERMIT,3.0,eth0,None,172.17.0.3,172.17.0.2,TCP,52934.0,21.0,6.0,2025,3,10,15,28,9,0,1
385,2024-03-10 15:28:12,PERMIT,3.0,eth0,None,172.17.0.3,172.17.0.2,TCP,53546.0,21.0,6.0,2025,3,10,15,28,12,0,1
386,2024-03-10 15:28:12,PERMIT,3.0,eth0,None,172.17.0.3,172.17.0.2,TCP,53594.0,21.0,6.0,2025,3,10,15,28,12,0,1
387,2024-03-10 15:28:12,PERMIT,3.0,eth0,None,172.17.0.3,172.17.0.2,TCP,53612.0,21.0,6.0,2025,3,10,15,28,12,0,1
388,2024-03-10 15:28:12,PERMIT,3.0,eth0,None,172.17.0.3,172.17.0.2,TCP,53558.0,21.0,6.0,2025,3,10,15,28,12,0,1
389,2024-03-10 15:28:12,PERMIT,3.0,eth0,None,172.17.0.3,172.17.0.2,TCP,53610.0,21.0,6.0,2025,3,10,15,28,12,0,1
390,2024-03-10 15:45:35,PERMIT,6.0,eth0,None,192.168.65.7,172.17.0.2,UDP,53.0,34438.0,6.0,2025,3,10,15,45,35,1,-1
391,2024-03-10 15:45:35,PERMIT,6.0,eth0,None,192.168.65.7,172.17.0.2,UDP,53.0,44421.0,6.0,2025,3,10,15,45,35,1,-1
392,2024-03-10 15:45:35,PERMIT,6.0,eth0,None,192.168.65.7,172.17.0.2,UDP,53.0,36916.0,6.0,2025,3,10,15,45,35,1,-1
393,2024-03-10 15:45:35,PERMIT,6.0,eth0,None,192.168.65.7,172.17.0.2,UDP,53.0,43346.0,6.0,2025,3,10,15,45,35,1,-1
394,2024-03-10 15:45:35,PERMIT,6.0,eth0,None,192.168.65.7,172.17.0.2,UDP,53.0,58095.0,6.0,2025,3,10,15,45,35,1,-1
395,2024-03-10 15:46:31,PERMIT,6.0,eth0,None,192.168.65.7,172.17.0.2,UDP,53.0,54341.0,6.0,2025,3,10,15,46,31,1,-1
396,2024-03-10 15:46:31,PERMIT,6.0,eth0,None,192.168.65.7,172.17.0.2,UDP,53.0,50191.0,6.0,2025,3,10,15,46,31,1,-1
397,2024-03-10 15:46:31,PERMIT,6.0,eth0,None,192.168.65.7,172.17.0.2,UDP,53.0,43312.0,6.0,2025,3,10,15,46,31,1,-1
398,2024-03-10 15:46:31,PERMIT,6.0,eth0,None,192.168.65.7,172.17.0.2,UDP,53.0,39090.0,6.0,2025,3,10,15,46,31,1,-1
399,2024-03-10 15:46:31,PERMIT,6.0,eth0,None,192.168.65.7,172.17.0.2,UDP,53.0,46404.0,6.0,2025,3,10,15,46,31,1,-1
400,2024-03-10 15:49:17,PERMIT,4.0,eth0,None,172.17.0.3,172.17.0.2,TCP,45736.0,80.0,6.0,2025,3,10,15,49,17,1,1
401,2024-03-10 15:49:17,PERMIT,4.0,eth0,None,172.17.0.3,172.17.0.2,TCP,45736.0,80.0,6.0,2025,3,10,15,49,17,1,1
402,2024-03-10 15:49:17,PERMIT,4.0,eth0,None,172.17.0.3,172.17.0.2,TCP,45736.0,80.0,6.0,2025,3,10,15,49,17,1,1
403,2024-03-10 15:49:17,PERMIT,6.0,eth0,None,192.168.65.7,172.17.0.2,UDP,53.0,52360.0,6.0,2025,3,10,15,49,17,1,-1
404,2024-03-10 15:49:27,PERMIT,4.0,eth0,None,172.17.0.3,172.17.0.2,TCP,45736.0,80.0,6.0,2025,3,10,15,49,27,1,1
405,2024-03-10 15:49:27,PERMIT,4.0,eth0,None,172.17.0.3,172.17.0.2,TCP,45736.0,80.0,6.0,2025,3,10,15,49,27,1,1
406,2024-03-10 15:49:27,PERMIT,4.0,eth0,None,172.17.0.3,172.17.0.2,TCP,57170.0,80.0,6.0,2025,3,10,15,49,27,1,1
407,2024-03-10 15:49:27,PERMIT,4.0,eth0,None,172.17.0.3,172.17.0.2,TCP,57170.0,80.0,6.0,2025,3,10,15,49,27,1,1
408,2024-03-10 15:49:27,PERMIT,4.0,eth0,None,172.17.0.3,172.17.0.2,TCP,57170.0,80.0,6.0,2025,3,10,15,49,27,1,1
409,2024-03-10 15:49:27,PERMIT,6.0,eth0,None,192.168.65.7,172.17.0.2,UDP,53.0,38916.0,6.0,2025,3,10,15,49,27,1,-1
410,2024-03-10 15:49:37,PERMIT,4.0,eth0,None,172.17.0.3,172.17.0.2,TCP,57170.0,80.0,6.0,2025,3,10,15,49,37,1,1
411,2024-03-10 15:49:37,PERMIT,4.0,eth0,None,172.17.0.3,172.17.0.2,TCP,57170.0,80.0,6.0,2025,3,10,15,49,37,1,1
412,2024-03-10 15:49:37,PERMIT,4.0,eth0,None,172.17.0.3,172.17.0.2,TCP,46964.0,80.0,6.0,2025,3,10,15,49,37,1,1
413,2024-03-10 15:49:37,PERMIT,4.0,eth0,None,172.17.0.3,172.17.0.2,TCP,46964.0,80.0,6.0,2025,3,10,15,49,37,1,1
414,2024-03-10 15:49:37,PERMIT,4.0,eth0,None,172.17.0.3,172.17.0.2,TCP,46964.0,80.0,6.0,2025,3,10,15,49,37,1,1
415,2024-03-10 15:49:38,PERMIT,6.0,eth0,None,192.168.65.7,172.17.0.2,UDP,53.0,51419.0,6.0,2025,3,10,15,49,38,1,-1
416,2024-03-10 15:50:00,PERMIT,4.0,eth0,None,172.17.0.3,172.17.0.2,TCP,46964.0,80.0,6.0,2025,3,10,15,50,0,1,-1
417,2024-03-10 15:50:00,PERMIT,4.0,eth0,None,172.17.0.3,172.17.0.2,TCP,46964.0,80.0,6.0,2025,3,10,15,50,0,1,-1
418,2024-03-10 15:56:50,DENY,34.0,eth0,None,172.17.0.3,172.17.0.2,TCP,43332.0,1025.0,6.0,2025,3,10,15,56,50,2,1
419,2024-03-10 15:56:50,PERMIT,3.0,eth0,None,172.17.0.3,172.17.0.2,TCP,43332.0,21.0,6.0,2025,3,10,15,56,50,-1,-1
420,2024-03-10 15:56:52,DENY,34.0,eth0,None,172.17.0.3,172.17.0.2,TCP,43332.0,199.0,6.0,2025,3,10,15,56,52,2,1
421,2024-03-10 15:56:52,DENY,34.0,eth0,None,172.17.0.3,172.17.0.2,TCP,43332.0,443.0,6.0,2025,3,10,15,56,52,2,1
422,2024-03-10 15:56:52,DENY,34.0,eth0,None,172.17.0.3,172.17.0.2,TCP,43332.0,443.0,6.0,2025,3,10,15,56,52,2,1
423,2024-03-10 15:56:54,DENY,34.0,eth0,None,172.17.0.3,172.17.0.2,TCP,43332.0,5900.0,6.0,2025,3,10,15,56,54,2,-1
424,2024-03-10 15:56:54,DENY,34.0,eth0,None,172.17.0.3,172.17.0.2,TCP,43332.0,25.0,6.0,2025,3,10,15,56,54,2,1
425,2024-03-10 15:56:56,DENY,34.0,eth0,None,172.17.0.3,172.17.0.2,TCP,43332.0,53.0,6.0,2025,3,10,15,56,56,2,-1
426,2024-03-10 15:56:56,DENY,34.0,eth0,None,172.17.0.3,172.17.0.2,TCP,43332.0,995.0,6.0,2025,3,10,15,56,56,2,-1
427,2024-03-10 15:56:58,DENY,34.0,eth0,None,172.17.0.3,172.17.0.2,TCP,43332.0,113.0,6.0,2025,3,10,15,56,58,2,-1
428,2024-03-10 15:56:58,DENY,34.0,eth0,None,172.17.0.3,172.17.0.2,TCP,43332.0,1720.0,6.0,2025,3,10,15,56,58,2,-1
429,2024-03-10 15:57:00,DENY,34.0,eth0,None,172.17.0.3,172.17.0.2,TCP,43332.0,1723.0,6.0,2025,3,10,15,57,0,2,1
430,2024-03-10 15:57:00,DENY,34.0,eth0,None,172.17.0.3,172.17.0.2,TCP,43332.0,111.0,6.0,2025,3,10,15,57,0,2,1
431,2024-03-10 15:57:02,DENY,34.0,eth0,None,172.17.0.3,172.17.0.2,TCP,43332.0,8080.0,6.0,2025,3,10,15,57,2,2,-1
432,2024-03-10 15:57:03,DENY,34.0,eth0,None,172.17.0.3,172.17.0.2,TCP,43332.0,8888.0,6.0,2025,3,10,15,57,3,2,-1
433,2024-03-10 15:57:03,DENY,34.0,eth0,None,172.17.0.3,172.17.0.2,TCP,43332.0,554.0,6.0,2025,3,10,15,57,3,2,1
434,2024-03-10 15:57:05,PERMIT,2.0,eth0,None,172.17.0.3,172.17.0.2,TCP,43332.0,23.0,6.0,2025,3,10,15,57,5,1,-1
435,2024-03-10 15:57:05,PERMIT,2.0,eth0,None,172.17.0.3,172.17.0.2,TCP,43332.0,23.0,6.0,2025,3,10,15,57,5,1,-1
436,2024-03-10 15:57:05,DENY,34.0,eth0,None,172.17.0.3,172.17.0.2,TCP,43332.0,993.0,6.0,2025,3,10,15,57,5,2,1
437,2024-03-10 15:57:07,DENY,34.0,eth0,None,172.17.0.3,172.17.0.2,TCP,43332.0,143.0,6.0,2025,3,10,15,57,7,2,1
438,2024-03-10 15:57:07,PERMIT,1.0,eth0,None,172.17.0.3,172.17.0.2,TCP,43332.0,22.0,6.0,2025,3,10,15,57,7,1,-1
439,2024-03-10 15:57:07,PERMIT,1.0,eth0,None,172.17.0.3,172.17.0.2,TCP,43332.0,22.0,6.0,2025,3,10,15,57,7,1,-1
440,2024-03-10 15:57:09,DENY,34.0,eth0,None,172.17.0.3,172.17.0.2,TCP,43332.0,445.0,6.0,2025,3,10,15,57,9,2,1
441,2024-03-10 15:57:09,PERMIT,5.0,eth0,None,172.17.0.3,172.17.0.2,TCP,43332.0,3306.0,6.0,2025,3,10,15,57,9,1,-1
442,2024-03-10 15:57:11,DENY,34.0,eth0,None,172.17.0.3,172.17.0.2,TCP,43332.0,135.0,6.0,2025,3,10,15,57,11,2,1
443,2024-03-10 15:57:11,DENY,34.0,eth0,None,172.17.0.3,172.17.0.2,TCP,43332.0,139.0,6.0,2025,3,10,15,57,11,2,1
444,2024-03-10 15:57:13,PERMIT,4.0,eth0,None,172.17.0.3,172.17.0.2,TCP,43332.0,80.0,6.0,2025,3,10,15,57,13,1,1
445,2024-03-10 15:57:13,DENY,34.0,eth0,None,172.17.0.3,172.17.0.2,TCP,43332.0,110.0,6.0,2025,3,10,15,57,13,2,1
446,2024-03-10 15:57:15,DENY,34.0,eth0,None,172.17.0.3,172.17.0.2,TCP,43332.0,587.0,6.0,2025,3,10,15,57,15,2,1
447,2024-03-10 15:57:15,DENY,34.0,eth0,None,172.17.0.3,172.17.0.2,TCP,43332.0,3389.0,6.0,2025,3,10,15,57,15,2,1
448,2024-03-10 15:57:17,DENY,34.0,eth0,None,172.17.0.3,172.17.0.2,TCP,43332.0,81.0,6.0,2025,3,10,15,57,17,2,1
449,2024-03-10 15:57:17,DENY,34.0,eth0,None,172.17.0.3,172.17.0.2,TCP,43332.0,1027.0,6.0,2025,3,10,15,57,17,2,1
450,2024-03-10 15:57:19,DENY,34.0,eth0,None,172.17.0.3,172.17.0.2,TCP,43332.0,1029.0,6.0,2025,3,10,15,57,19,2,1
451,2024-03-10 15:57:19,DENY,34.0,eth0,None,172.17.0.3,172.17.0.2,TCP,43332.0,2717.0,6.0,2025,3,10,15,57,19,2,1
452,2024-03-10 15:57:21,DENY,34.0,eth0,None,172.17.0.3,172.17.0.2,TCP,43332.0,49156.0,6.0,2025,3,10,15,57,21,2,-1
453,2024-03-10 15:57:21,DENY,34.0,eth0,None,172.17.0.3,172.17.0.2,TCP,43332.0,10000.0,6.0,2025,3,10,15,57,21,2,1
454,2024-03-10 15:57:23,DENY,34.0,eth0,None,172.17.0.3,172.17.0.2,TCP,43332.0,49157.0,6.0,2025,3,10,15,57,23,2,-1
455,2024-03-10 15:57:23,DENY,34.0,eth0,None,172.17.0.3,172.17.0.2,TCP,43332.0,88.0,6.0,2025,3,10,15,57,23,2,1
456,2024-03-10 15:57:24,PERMIT,6.0,eth0,None,192.168.65.7,172.17.0.2,UDP,53.0,33007.0,6.0,2025,3,10,15,57,24,1,-1
457,2024-03-10 15:57:24,PERMIT,6.0,eth0,None,192.168.65.7,172.17.0.2,UDP,53.0,39836.0,6.0,2025,3,10,15,57,24,1,-1
458,2024-03-10 15:57:24,PERMIT,6.0,eth0,None,192.168.65.7,172.17.0.2,UDP,53.0,59841.0,6.0,2025,3,10,15,57,24,1,-1
459,2024-03-10 15:57:24,PERMIT,6.0,eth0,None,192.168.65.7,172.17.0.2,UDP,53.0,55570.0,6.0,2025,3,10,15,57,24,1,-1
460,2024-03-10 15:57:24,PERMIT,6.0,eth0,None,192.168.65.7,172.17.0.2,UDP,53.0,37078.0,6.0,2025,3,10,15,57,24,1,-1
461,2024-03-10 15:57:24,DENY,34.0,eth0,None,172.17.0.3,172.17.0.2,TCP,43332.0,3986.0,6.0,2025,3,10,15,57,24,2,1
462,2024-03-10 15:57:26,DENY,34.0,eth0,None,172.17.0.3,172.17.0.2,TCP,43332.0,49153.0,6.0,2025,3,10,15,57,26,2,-1
463,2024-03-10 15:57:26,DENY,34.0,eth0,None,172.17.0.3,172.17.0.2,TCP,43332.0,5190.0,6.0,2025,3,10,15,57,26,2,1
464,2024-03-10 15:57:28,DENY,34.0,eth0,None,172.17.0.3,172.17.0.2,TCP,43332.0,5009.0,6.0,2025,3,10,15,57,28,2,1
465,2024-03-10 15:57:28,DENY,34.0,eth0,None,172.17.0.3,172.17.0.2,TCP,43332.0,389.0,6.0,2025,3,10,15,57,28,2,1
466,2024-03-10 15:57:30,DENY,34.0,eth0,None,172.17.0.3,172.17.0.2,TCP,43332.0,8009.0,6.0,2025,3,10,15,57,30,2,1
467,2024-03-10 15:57:30,DENY,34.0,eth0,None,172.17.0.3,172.17.0.2,TCP,43332.0,2049.0,6.0,2025,3,10,15,57,30,2,1
468,2024-03-10 15:57:32,DENY,34.0,eth0,None,172.17.0.3,172.17.0.2,TCP,43332.0,1028.0,6.0,2025,3,10,15,57,32,2,1
469,2024-03-10 15:57:38,DENY,34.0,eth0,None,172.17.0.3,172.17.0.2,TCP,59805.0,110.0,6.0,2025,3,10,15,57,38,2,1
470,2024-03-10 15:57:38,DENY,34.0,eth0,None,172.17.0.3,172.17.0.2,TCP,59805.0,199.0,6.0,2025,3,10,15,57,38,2,1
471,2024-03-10 15:57:40,PERMIT,4.0,eth0,None,172.17.0.3,172.17.0.2,TCP,59805.0,80.0,6.0,2025,3,10,15,57,40,1,-1
472,2024-03-10 15:57:40,PERMIT,4.0,eth0,None,172.17.0.3,172.17.0.2,TCP,59805.0,80.0,6.0,2025,3,10,15,57,40,1,-1
473,2024-03-10 15:57:40,DENY,34.0,eth0,None,172.17.0.3,172.17.0.2,TCP,59805.0,53.0,6.0,2025,3,10,15,57,40,2,1
474,2024-03-10 15:57:42,PERMIT,1.0,eth0,None,172.17.0.3,172.17.0.2,TCP,59805.0,22.0,6.0,2025,3,10,15,57,42,1,-1
475,2024-03-10 15:57:42,PERMIT,1.0,eth0,None,172.17.0.3,172.17.0.2,TCP,59805.0,22.0,6.0,2025,3,10,15,57,42,1,-1
476,2024-03-10 15:57:42,DENY,34.0,eth0,None,172.17.0.3,172.17.0.2,TCP,59805.0,1025.0,6.0,2025,3,10,15,57,42,2,1
477,2024-03-10 15:57:44,DENY,34.0,eth0,None,172.17.0.3,172.17.0.2,TCP,59805.0,443.0,6.0,2025,3,10,15,57,44,2,1
478,2024-03-10 15:57:44,DENY,34.0,eth0,None,172.17.0.3,172.17.0.2,TCP,59805.0,443.0,6.0,2025,3,10,15,57,44,2,1
479,2024-03-10 15:57:44,DENY,34.0,eth0,None,172.17.0.3,172.17.0.2,TCP,59805.0,25.0,6.0,2025,3,10,15,57,44,2,1
480,2024-03-10 15:57:46,DENY,34.0,eth0,None,172.17.0.3,172.17.0.2,TCP,59805.0,135.0,6.0,2025,3,10,15,57,46,2,1
481,2024-03-10 15:57:46,PERMIT,3.0,eth0,None,172.17.0.3,172.17.0.2,TCP,59805.0,21.0,6.0,2025,3,10,15,57,46,-1,-1
482,2024-03-10 15:57:48,PERMIT,5.0,eth0,None,172.17.0.3,172.17.0.2,TCP,59805.0,3306.0,6.0,2025,3,10,15,57,48,-1,-1
483,2024-03-10 15:57:48,DENY,34.0,eth0,None,172.17.0.3,172.17.0.2,TCP,59805.0,5900.0,6.0,2025,3,10,15,57,48,2,1
484,2024-03-10 15:57:50,DENY,34.0,eth0,None,172.17.0.3,172.17.0.2,TCP,59805.0,995.0,6.0,2025,3,10,15,57,50,2,1
485,2024-03-10 15:57:50,DENY,34.0,eth0,None,172.17.0.3,172.17.0.2,TCP,59805.0,993.0,6.0,2025,3,10,15,57,50,2,1
486,2024-03-10 15:57:52,PERMIT,2.0,eth0,None,172.17.0.3,172.17.0.2,TCP,59805.0,23.0,6.0,2025,3,10,15,57,52,-1,-1
487,2024-03-10 15:57:52,PERMIT,2.0,eth0,None,172.17.0.3,172.17.0.2,TCP,59805.0,23.0,6.0,2025,3,10,15,57,52,-1,-1
488,2024-03-10 15:57:52,DENY,34.0,eth0,None,172.17.0.3,172.17.0.2,TCP,59805.0,445.0,6.0,2025,3,10,15,57,52,2,1
489,2024-03-10 15:57:54,DENY,34.0,eth0,None,172.17.0.3,172.17.0.2,TCP,59805.0,143.0,6.0,2025,3,10,15,57,54,2,1
490,2024-03-10 15:57:54,DENY,34.0,eth0,None,172.17.0.3,172.17.0.2,TCP,59805.0,111.0,6.0,2025,3,10,15,57,54,2,1
491,2024-03-10 15:57:56,DENY,34.0,eth0,None,172.17.0.3,172.17.0.2,TCP,59805.0,8080.0,6.0,2025,3,10,15,57,56,2,1
492,2024-03-10 15:57:56,DENY,34.0,eth0,None,172.17.0.3,172.17.0.2,TCP,59805.0,3389.0,6.0,2025,3,10,15,57,56,2,1
493,2024-03-10 15:57:58,DENY,34.0,eth0,None,172.17.0.3,172.17.0.2,TCP,59805.0,587.0,6.0,2025,3,10,15,57,58,2,1
494,2024-03-10 15:57:58,DENY,34.0,eth0,None,172.17.0.3,172.17.0.2,TCP,59805.0,1723.0,6.0,2025,3,10,15,57,58,2,1
495,2024-03-10 15:58:00,DENY,34.0,eth0,None,172.17.0.3,172.17.0.2,TCP,59805.0,554.0,6.0,2025,3,10,15,58,0,2,1
496,2024-03-10 15:58:00,DENY,34.0,eth0,None,172.17.0.3,172.17.0.2,TCP,59805.0,139.0,6.0,2025,3,10,15,58,0,2,1
497,2024-03-10 15:58:02,DENY,34.0,eth0,None,172.17.0.3,172.17.0.2,TCP,59805.0,8888.0,6.0,2025,3,10,15,58,2,2,1
498,2024-03-10 15:58:02,DENY,34.0,eth0,None,172.17.0.3,172.17.0.2,TCP,59805.0,113.0,6.0,2025,3,10,15,58,2,2,1
499,2024-03-10 15:58:04,DENY,34.0,eth0,None,172.17.0.3,172.17.0.2,TCP,59805.0,1720.0,6.0,2025,3,10,15,58,4,2,1
500,2024-03-10 15:58:04,DENY,34.0,eth0,None,172.17.0.3,172.17.0.2,TCP,59805.0,1755.0,6.0,2025,3,10,15,58,4,2,1
501,2024-03-10 15:58:06,DENY,34.0,eth0,None,172.17.0.3,172.17.0.2,TCP,59805.0,631.0,6.0,2025,3,10,15,58,6,2,1
502,2024-03-10 15:58:06,DENY,34.0,eth0,None,172.17.0.3,172.17.0.2,TCP,59805.0,5009.0,6.0,2025,3,10,15,58,6,2,1
503,2024-03-10 15:58:08,DENY,34.0,eth0,None,172.17.0.3,172.17.0.2,TCP,59805.0,3128.0,6.0,2025,3,10,15,58,8,2,1
504,2024-03-10 15:58:08,DENY,34.0,eth0,None,172.17.0.3,172.17.0.2,TCP,59805.0,5800.0,6.0,2025,3,10,15,58,8,2,1
505,2024-03-10 15:58:10,DENY,34.0,eth0,None,172.17.0.3,172.17.0.2,TCP,59805.0,543.0,6.0,2025,3,10,15,58,10,2,1
506,2024-03-10 15:58:10,DENY,34.0,eth0,None,172.17.0.3,172.17.0.2,TCP,59805.0,544.0,6.0,2025,3,10,15,58,10,2,1
507,2024-03-10 15:58:12,DENY,34.0,eth0,None,172.17.0.3,172.17.0.2,TCP,59805.0,5631.0,6.0,2025,3,10,15,58,12,2,1
508,2024-03-10 15:58:12,DENY,34.0,eth0,None,172.17.0.3,172.17.0.2,TCP,59805.0,873.0,6.0,2025,3,10,15,58,12,2,1
509,2024-03-10 15:58:14,DENY,34.0,eth0,None,172.17.0.3,172.17.0.2,TCP,59805.0,5051.0,6.0,2025,3,10,15,58,14,2,1
510,2024-03-10 15:58:14,DENY,34.0,eth0,None,172.17.0.3,172.17.0.2,TCP,59805.0,1026.0,6.0,2025,3,10,15,58,14,2,1
511,2024-03-10 15:58:16,DENY,34.0,eth0,None,172.17.0.3,172.17.0.2,TCP,59805.0,1110.0,6.0,2025,3,10,15,58,16,2,1
512,2024-03-10 15:58:16,DENY,34.0,eth0,None,172.17.0.3,172.17.0.2,TCP,59805.0,144.0,6.0,2025,3,10,15,58,16,2,1
513,2024-03-10 15:58:18,DENY,34.0,eth0,None,172.17.0.3,172.17.0.2,TCP,59805.0,49153.0,6.0,2025,3,10,15,58,18,2,-1
514,2024-03-10 15:58:18,DENY,34.0,eth0,None,172.17.0.3,172.17.0.2,TCP,59805.0,548.0,6.0,2025,3,10,15,58,18,2,1
515,2024-03-10 15:58:20,DENY,34.0,eth0,None,172.17.0.3,172.17.0.2,TCP,59805.0,990.0,6.0,2025,3,10,15,58,20,2,1
516,2024-03-10 15:58:20,DENY,34.0,eth0,None,172.17.0.3,172.17.0.2,TCP,59805.0,4899.0,6.0,2025,3,10,15,58,20,2,1
517,2024-03-10 15:58:22,DENY,34.0,eth0,None,172.17.0.3,172.17.0.2,TCP,59805.0,32768.0,6.0,2025,3,10,15,58,22,2,-1
518,2024-03-10 15:58:22,DENY,34.0,eth0,None,172.17.0.3,172.17.0.2,TCP,59805.0,465.0,6.0,2025,3,10,15,58,22,2,1
519,2024-03-10 15:58:24,DENY,34.0,eth0,None,172.17.0.3,172.17.0.2,TCP,59805.0,8081.0,6.0,2025,3,10,15,58,24,2,1
520,2024-03-10 15:58:24,DENY,34.0,eth0,None,172.17.0.3,172.17.0.2,TCP,59805.0,5060.0,6.0,2025,3,10,15,58,24,2,1
521,2024-03-10 15:58:26,DENY,34.0,eth0,None,172.17.0.3,172.17.0.2,TCP,59805.0,49154.0,6.0,2025,3,10,15,58,26,2,-1
522,2024-03-10 15:58:26,DENY,34.0,eth0,None,172.17.0.3,172.17.0.2,TCP,59805.0,389.0,6.0,2025,3,10,15,58,26,2,1
523,2024-03-10 15:58:28,DENY,34.0,eth0,None,172.17.0.3,172.17.0.2,TCP,59805.0,13.0,6.0,2025,3,10,15,58,28,2,1
524,2024-03-10 15:58:28,DENY,34.0,eth0,None,172.17.0.3,172.17.0.2,TCP,59805.0,427.0,6.0,2025,3,10,15,58,28,2,1
525,2024-03-10 15:58:30,DENY,34.0,eth0,None,172.17.0.3,172.17.0.2,TCP,59805.0,6646.0,6.0,2025,3,10,15,58,30,2,1
526,2024-03-10 15:58:30,DENY,34.0,eth0,None,172.17.0.3,172.17.0.2,TCP,59805.0,9999.0,6.0,2025,3,10,15,58,30,2,1
527,2024-03-10 15:58:32,DENY,34.0,eth0,None,172.17.0.3,172.17.0.2,TCP,59805.0,5666.0,6.0,2025,3,10,15,58,32,2,1
528,2024-03-10 15:58:32,DENY,34.0,eth0,None,172.17.0.3,172.17.0.2,TCP,59805.0,2000.0,6.0,2025,3,10,15,58,32,2,1
529,2024-03-10 15:58:34,DENY,34.0,eth0,None,172.17.0.3,172.17.0.2,TCP,59805.0,2001.0,6.0,2025,3,10,15,58,34,2,1
530,2024-03-10 15:58:34,DENY,34.0,eth0,None,172.17.0.3,172.17.0.2,TCP,59805.0,2717.0,6.0,2025,3,10,15,58,34,2,1
531,2024-03-10 15:58:36,DENY,34.0,eth0,None,172.17.0.3,172.17.0.2,TCP,59805.0,8008.0,6.0,2025,3,10,15,58,36,2,1
532,2024-03-10 15:58:36,DENY,34.0,eth0,None,172.17.0.3,172.17.0.2,TCP,59805.0,646.0,6.0,2025,3,10,15,58,36,2,1
533,2024-03-10 15:58:38,DENY,34.0,eth0,None,172.17.0.3,172.17.0.2,TCP,59805.0,3000.0,6.0,2025,3,10,15,58,38,2,1
534,2024-03-10 15:58:38,DENY,34.0,eth0,None,172.17.0.3,172.17.0.2,TCP,59805.0,5000.0,6.0,2025,3,10,15,58,38,2,1
535,2024-03-10 15:58:40,DENY,34.0,eth0,None,172.17.0.3,172.17.0.2,TCP,59805.0,49152.0,6.0,2025,3,10,15,58,40,2,-1
536,2024-03-10 15:58:40,DENY,34.0,eth0,None,172.17.0.3,172.17.0.2,TCP,59805.0,9100.0,6.0,2025,3,10,15,58,40,2,1
537,2024-03-10 15:58:42,DENY,34.0,eth0,None,172.17.0.3,172.17.0.2,TCP,59805.0,5357.0,6.0,2025,3,10,15,58,42,2,1
538,2024-03-10 15:58:42,DENY,34.0,eth0,None,172.17.0.3,172.17.0.2,TCP,59805.0,79.0,6.0,2025,3,10,15,58,42,2,1
539,2024-03-10 15:58:44,DENY,34.0,eth0,None,172.17.0.3,172.17.0.2,TCP,59805.0,444.0,6.0,2025,3,10,15,58,44,2,1
540,2024-03-10 15:58:44,DENY,34.0,eth0,None,172.17.0.3,172.17.0.2,TCP,59805.0,6001.0,6.0,2025,3,10,15,58,44,2,1
541,2024-03-10 15:58:46,DENY,34.0,eth0,None,172.17.0.3,172.17.0.2,TCP,59805.0,1028.0,6.0,2025,3,10,15,58,46,2,1
542,2024-03-10 15:58:46,DENY,34.0,eth0,None,172.17.0.3,172.17.0.2,TCP,59805.0,1029.0,6.0,2025,3,10,15,58,46,2,1
543,2024-03-10 15:58:48,DENY,34.0,eth0,None,172.17.0.3,172.17.0.2,TCP,59805.0,2049.0,6.0,2025,3,10,15,58,48,2,1
544,2024-03-10 15:58:48,DENY,34.0,eth0,None,172.17.0.3,172.17.0.2,TCP,59805.0,49157.0,6.0,2025,3,10,15,58,48,2,-1
545,2024-03-10 15:58:50,DENY,34.0,eth0,None,172.17.0.3,172.17.0.2,TCP,59805.0,8000.0,6.0,2025,3,10,15,58,50,2,1
546,2024-03-10 15:58:50,DENY,34.0,eth0,None,172.17.0.3,172.17.0.2,TCP,59805.0,49156.0,6.0,2025,3,10,15,58,50,2,-1
547,2024-03-10 15:58:52,DENY,34.0,eth0,None,172.17.0.3,172.17.0.2,TCP,59805.0,88.0,6.0,2025,3,10,15,58,52,2,1
548,2024-03-10 15:58:52,DENY,34.0,eth0,None,172.17.0.3,172.17.0.2,TCP,59805.0,7.0,6.0,2025,3,10,15,58,52,2,1
549,2024-03-10 15:58:54,DENY,34.0,eth0,None,172.17.0.3,172.17.0.2,TCP,59805.0,6000.0,6.0,2025,3,10,15,58,54,2,1
550,2024-03-10 15:58:54,DENY,34.0,eth0,None,172.17.0.3,172.17.0.2,TCP,59805.0,8009.0,6.0,2025,3,10,15,58,54,2,1
551,2024-03-10 15:58:56,DENY,34.0,eth0,None,172.17.0.3,172.17.0.2,TCP,59805.0,179.0,6.0,2025,3,10,15,58,56,2,1
552,2024-03-10 15:58:56,DENY,34.0,eth0,None,172.17.0.3,172.17.0.2,TCP,59805.0,515.0,6.0,2025,3,10,15,58,56,2,1
553,2024-03-10 15:58:58,DENY,34.0,eth0,None,172.17.0.3,172.17.0.2,TCP,59805.0,10000.0,6.0,2025,3,10,15,58,58,2,-1
554,2024-03-10 15:58:58,DENY,34.0,eth0,None,172.17.0.3,172.17.0.2,TCP,59805.0,1900.0,6.0,2025,3,10,15,58,58,2,1
555,2024-03-10 15:59:00,DENY,34.0,eth0,None,172.17.0.3,172.17.0.2,TCP,59805.0,5101.0,6.0,2025,3,10,15,59,0,2,1
556,2024-03-10 15:59:00,DENY,34.0,eth0,None,172.17.0.3,172.17.0.2,TCP,59805.0,106.0,6.0,2025,3,10,15,59,0,2,1
557,2024-03-10 15:59:02,DENY,34.0,eth0,None,172.17.0.3,172.17.0.2,TCP,59805.0,1027.0,6.0,2025,3,10,15,59,2,2,1
558,2024-03-10 15:59:02,DENY,34.0,eth0,None,172.17.0.3,172.17.0.2,TCP,59805.0,514.0,6.0,2025,3,10,15,59,2,2,1
559,2024-03-10 15:59:04,DENY,34.0,eth0,None,172.17.0.3,172.17.0.2,TCP,59805.0,1433.0,6.0,2025,3,10,15,59,4,2,1
560,2024-03-10 15:59:04,DENY,34.0,eth0,None,172.17.0.3,172.17.0.2,TCP,59805.0,26.0,6.0,2025,3,10,15,59,4,2,1
561,2024-03-10 15:59:06,DENY,34.0,eth0,None,172.17.0.3,172.17.0.2,TCP,59805.0,37.0,6.0,2025,3,10,15,59,6,2,1
562,2024-03-10 15:59:06,DENY,34.0,eth0,None,172.17.0.3,172.17.0.2,TCP,59805.0,5432.0,6.0,2025,3,10,15,59,6,2,1
563,2024-03-10 15:59:08,DENY,34.0,eth0,None,172.17.0.3,172.17.0.2,TCP,59805.0,49155.0,6.0,2025,3,10,15,59,8,2,-1
564,2024-03-10 15:59:08,DENY,34.0,eth0,None,172.17.0.3,172.17.0.2,TCP,59805.0,2121.0,6.0,2025,3,10,15,59,8,2,1
565,2024-03-10 15:59:10,DENY,34.0,eth0,None,172.17.0.3,172.17.0.2,TCP,59805.0,81.0,6.0,2025,3,10,15,59,10,2,1
566,2024-03-10 15:59:10,DENY,34.0,eth0,None,172.17.0.3,172.17.0.2,TCP,59805.0,8443.0,6.0,2025,3,10,15,59,10,2,1
567,2024-03-10 15:59:12,DENY,34.0,eth0,None,172.17.0.3,172.17.0.2,TCP,59805.0,7070.0,6.0,2025,3,10,15,59,12,2,1
568,2024-03-10 15:59:12,DENY,34.0,eth0,None,172.17.0.3,172.17.0.2,TCP,59805.0,3986.0,6.0,2025,3,10,15,59,12,2,1
569,2024-03-10 15:59:14,DENY,34.0,eth0,None,172.17.0.3,172.17.0.2,TCP,59805.0,9.0,6.0,2025,3,10,15,59,14,2,1
570,2024-03-10 15:59:14,DENY,34.0,eth0,None,172.17.0.3,172.17.0.2,TCP,59805.0,5190.0,6.0,2025,3,10,15,59,14,2,1
571,2024-03-10 15:59:16,DENY,34.0,eth0,None,172.17.0.3,172.17.0.2,TCP,59805.0,119.0,6.0,2025,3,10,15,59,16,2,1
572,2024-03-10 15:59:16,DENY,34.0,eth0,None,172.17.0.3,172.17.0.2,TCP,59805.0,513.0,6.0,2025,3,10,15,59,16,2,1
573,2024-03-10 16:14:02,PERMIT,6.0,eth0,None,192.168.65.7,172.17.0.2,UDP,53.0,47127.0,6.0,2025,3,10,16,14,2,-1,-1
574,2024-03-10 16:14:02,PERMIT,6.0,eth0,None,192.168.65.7,172.17.0.2,UDP,53.0,44909.0,6.0,2025,3,10,16,14,2,-1,-1
575,2024-03-10 16:14:02,PERMIT,6.0,eth0,None,192.168.65.7,172.17.0.2,UDP,53.0,59667.0,6.0,2025,3,10,16,14,2,-1,-1
576,2024-03-10 16:14:02,PERMIT,6.0,eth0,None,192.168.65.7,172.17.0.2,UDP,53.0,32818.0,6.0,2025,3,10,16,14,2,-1,-1
577,2024-03-10 16:14:02,PERMIT,6.0,eth0,None,192.168.65.7,172.17.0.2,UDP,53.0,56718.0,6.0,2025,3,10,16,14,2,-1,-1
578,2024-03-10 16:14:32,PERMIT,6.0,eth0,None,192.168.65.7,172.17.0.2,UDP,53.0,44957.0,6.0,2025,3,10,16,14,32,-1,-1
579,2024-03-10 16:14:32,PERMIT,6.0,eth0,None,192.168.65.7,172.17.0.2,UDP,53.0,58665.0,6.0,2025,3,10,16,14,32,-1,-1
580,2024-03-10 16:14:32,PERMIT,6.0,eth0,None,192.168.65.7,172.17.0.2,UDP,53.0,55048.0,6.0,2025,3,10,16,14,32,-1,-1
581,2024-03-10 16:14:32,PERMIT,6.0,eth0,None,192.168.65.7,172.17.0.2,UDP,53.0,35610.0,6.0,2025,3,10,16,14,32,-1,-1
582,2024-03-10 16:14:32,PERMIT,6.0,eth0,None,192.168.65.7,172.17.0.2,UDP,53.0,57028.0,6.0,2025,3,10,16,14,32,-1,-1
583,2024-03-10 16:18:42,PERMIT,6.0,eth0,None,192.168.65.7,172.17.0.2,UDP,53.0,49328.0,6.0,2025,3,10,16,18,42,-1,-1
584,2024-03-10 16:18:42,PERMIT,6.0,eth0,None,192.168.65.7,172.17.0.2,UDP,53.0,56125.0,6.0,2025,3,10,16,18,42,-1,-1
585,2024-03-10 16:18:42,PERMIT,6.0,eth0,None,192.168.65.7,172.17.0.2,UDP,53.0,44719.0,6.0,2025,3,10,16,18,42,-1,-1
586,2024-03-10 16:18:42,PERMIT,6.0,eth0,None,192.168.65.7,172.17.0.2,UDP,53.0,41008.0,6.0,2025,3,10,16,18,42,-1,-1
587,2024-03-10 16:18:42,PERMIT,6.0,eth0,None,192.168.65.7,172.17.0.2,UDP,53.0,42623.0,6.0,2025,3,10,16,18,42,-1,-1
588,2024-03-10 16:21:54,PERMIT,6.0,eth0,None,192.168.65.7,172.17.0.2,UDP,53.0,35429.0,6.0,2025,3,10,16,21,54,-1,-1
589,2024-03-10 16:21:54,PERMIT,6.0,eth0,None,192.168.65.7,172.17.0.2,UDP,53.0,53670.0,6.0,2025,3,10,16,21,54,-1,-1
590,2024-03-10 16:21:54,PERMIT,6.0,eth0,None,192.168.65.7,172.17.0.2,UDP,53.0,55656.0,6.0,2025,3,10,16,21,54,-1,-1
591,2024-03-10 16:21:54,PERMIT,6.0,eth0,None,192.168.65.7,172.17.0.2,UDP,53.0,43357.0,6.0,2025,3,10,16,21,54,-1,-1
592,2024-03-10 16:21:54,PERMIT,6.0,eth0,None,192.168.65.7,172.17.0.2,UDP,53.0,38925.0,6.0,2025,3,10,16,21,54,-1,-1
